Attendance_ID,Employee_ID,Attendance_Date,Check_In_Time,Check_Out_Time,Status
ATT003451,EMP001,2026-08-01,09:13,18:26,Present
ATT003452,EMP001,2026-08-02,09:18,18:09,Present
ATT003453,EMP001,2026-08-03,08:56,18:09,Present
ATT003454,EMP001,2026-08-04,09:20,17:51,Present
ATT003455,EMP001,2026-08-05,08:57,18:21,Present
ATT003456,EMP001,2026-08-06,08:54,17:57,Present
ATT003457,EMP001,2026-08-07,08:55,17:58,Present
ATT003458,EMP001,2026-08-08,08:57,18:03,Present
ATT003459,EMP001,2026-08-09,08:55,18:07,Present
ATT003460,EMP001,2026-08-10,08:55,18:28,Present
ATT003461,EMP001,2026-08-11,09:09,18:15,Present
ATT003462,EMP001,2026-08-12,09:04,18:19,Present
ATT003463,EMP002,2026-08-01,08:58,18:15,Present
ATT003464,EMP002,2026-08-02,09:15,18:06,Present
ATT003465,EMP002,2026-08-03,09:09,17:55,Present
ATT003466,EMP002,2026-08-04,09:11,18:22,Present
ATT003467,EMP002,2026-08-05,09:16,17:58,Present
ATT003468,EMP002,2026-08-06,09:20,18:08,Present
ATT003469,EMP002,2026-08-07,09:13,18:07,Present
ATT003470,EMP002,2026-08-08,08:53,18:08,Present
ATT003471,EMP002,2026-08-09,08:59,18:13,Present
ATT003472,EMP002,2026-08-10,08:53,18:21,Present
ATT003473,EMP002,2026-08-11,09:12,17:53,Present
ATT003474,EMP002,2026-08-12,08:59,18:30,Present
ATT003475,EMP003,2026-08-01,09:20,18:14,Present
ATT003476,EMP003,2026-08-02,09:02,18:30,Present
ATT003477,EMP003,2026-08-03,08:55,18:15,Present
ATT003478,EMP003,2026-08-04,08:55,18:07,Present
ATT003479,EMP003,2026-08-05,09:17,18:12,Present
ATT003480,EMP003,2026-08-06,09:00,18:25,Present
ATT003481,EMP003,2026-08-07,08:51,18:01,Present
ATT003482,EMP003,2026-08-08,09:01,17:59,Present
ATT003483,EMP003,2026-08-09,09:19,18:00,Present
ATT003484,EMP003,2026-08-10,09:04,17:55,Present
ATT003485,EMP003,2026-08-11,09:07,17:50,Present
ATT003486,EMP003,2026-08-12,08:54,17:50,Present
ATT003487,EMP004,2026-08-01,08:51,18:25,Present
ATT003488,EMP004,2026-08-02,09:05,18:13,Present
ATT003489,EMP004,2026-08-03,08:52,17:54,Present
ATT003490,EMP004,2026-08-04,08:55,18:08,Present
ATT003491,EMP004,2026-08-05,09:02,17:59,Present
ATT003492,EMP004,2026-08-06,09:11,18:11,Present
ATT003493,EMP004,2026-08-07,09:04,18:05,Present
ATT003494,EMP004,2026-08-08,09:03,17:56,Present
ATT003495,EMP004,2026-08-09,09:20,17:55,Present
ATT003496,EMP004,2026-08-10,09:03,18:06,Present
ATT003497,EMP004,2026-08-11,09:14,18:10,Present
ATT003498,EMP004,2026-08-12,08:53,18:11,Present
ATT003499,EMP005,2026-08-01,09:15,18:12,Present
ATT003500,EMP005,2026-08-02,08:58,17:56,Present
ATT003501,EMP005,2026-08-03,08:54,17:57,Present
ATT003502,EMP005,2026-08-04,09:04,18:12,Present
ATT003503,EMP005,2026-08-05,08:57,17:50,Present
ATT003504,EMP005,2026-08-06,09:02,17:59,Present
ATT003505,EMP005,2026-08-07,09:19,18:05,Present
ATT003506,EMP005,2026-08-08,09:07,18:00,Present
ATT003507,EMP005,2026-08-09,09:18,18:04,Present
ATT003508,EMP005,2026-08-10,09:08,18:08,Present
ATT003509,EMP005,2026-08-11,09:19,17:51,Present
ATT003510,EMP005,2026-08-12,09:08,17:54,Present
ATT003511,EMP006,2026-08-01,09:08,18:22,Present
ATT003512,EMP006,2026-08-02,09:15,18:17,Present
ATT003513,EMP006,2026-08-03,09:11,18:23,Present
ATT003514,EMP006,2026-08-04,09:18,18:15,Present
ATT003515,EMP006,2026-08-05,09:13,17:56,Present
ATT003516,EMP006,2026-08-06,08:58,18:13,Present
ATT003517,EMP006,2026-08-07,09:03,17:58,Present
ATT003518,EMP006,2026-08-08,09:19,18:21,Present
ATT003519,EMP006,2026-08-09,09:10,18:09,Present
ATT003520,EMP006,2026-08-10,09:10,18:30,Present
ATT003521,EMP006,2026-08-11,09:07,18:27,Present
ATT003522,EMP006,2026-08-12,09:19,18:15,Present
ATT003523,EMP007,2026-08-01,08:57,18:16,Present
ATT003524,EMP007,2026-08-02,08:50,17:55,Present
ATT003525,EMP007,2026-08-03,09:00,18:08,Present
ATT003526,EMP007,2026-08-04,09:12,18:29,Present
ATT003527,EMP007,2026-08-05,09:17,17:56,Present
ATT003528,EMP007,2026-08-06,08:50,18:17,Present
ATT003529,EMP007,2026-08-07,08:51,18:30,Present
ATT003530,EMP007,2026-08-08,09:10,18:17,Present
ATT003531,EMP007,2026-08-09,08:58,18:14,Present
ATT003532,EMP007,2026-08-10,08:51,18:00,Present
ATT003533,EMP007,2026-08-11,09:02,18:18,Present
ATT003534,EMP007,2026-08-12,08:55,18:25,Present
ATT003535,EMP008,2026-08-01,09:16,18:17,Present
ATT003536,EMP008,2026-08-02,09:09,18:22,Present
ATT003537,EMP008,2026-08-03,08:55,18:14,Present
ATT003538,EMP008,2026-08-04,08:54,18:25,Present
ATT003539,EMP008,2026-08-05,09:06,18:01,Present
ATT003540,EMP008,2026-08-06,09:01,18:23,Present
ATT003541,EMP008,2026-08-07,08:54,18:28,Present
ATT003542,EMP008,2026-08-08,09:08,17:50,Present
ATT003543,EMP008,2026-08-09,08:55,18:00,Present
ATT003544,EMP008,2026-08-10,08:56,18:09,Present
ATT003545,EMP008,2026-08-11,09:04,18:08,Present
ATT003546,EMP008,2026-08-12,09:04,17:54,Present
ATT003547,EMP009,2026-08-01,09:03,18:09,Present
ATT003548,EMP009,2026-08-02,09:10,18:05,Present
ATT003549,EMP009,2026-08-03,09:18,18:22,Present
ATT003550,EMP009,2026-08-04,09:18,17:59,Present
ATT003551,EMP009,2026-08-05,08:55,18:01,Present
ATT003552,EMP009,2026-08-06,09:12,18:26,Present
ATT003553,EMP009,2026-08-07,09:20,18:11,Present
ATT003554,EMP009,2026-08-08,08:56,18:04,Present
ATT003555,EMP009,2026-08-09,09:14,18:29,Present
ATT003556,EMP009,2026-08-10,09:18,18:19,Present
ATT003557,EMP009,2026-08-11,09:16,18:22,Present
ATT003558,EMP009,2026-08-12,09:20,18:12,Present
ATT003559,EMP010,2026-08-01,09:17,18:05,Present
ATT003560,EMP010,2026-08-02,08:52,18:26,Present
ATT003561,EMP010,2026-08-03,09:02,18:29,Present
ATT003562,EMP010,2026-08-04,09:18,18:06,Present
ATT003563,EMP010,2026-08-05,09:19,17:57,Present
ATT003564,EMP010,2026-08-06,09:14,17:58,Present
ATT003565,EMP010,2026-08-07,09:06,18:23,Present
ATT003566,EMP010,2026-08-08,09:00,18:09,Present
ATT003567,EMP010,2026-08-09,09:08,18:18,Present
ATT003568,EMP010,2026-08-10,08:57,18:10,Present
ATT003569,EMP010,2026-08-11,09:17,18:13,Present
ATT003570,EMP010,2026-08-12,09:14,18:29,Present
ATT003571,EMP011,2026-08-01,09:11,17:51,Present
ATT003572,EMP011,2026-08-02,09:06,18:18,Present
ATT003573,EMP011,2026-08-03,08:54,18:14,Present
ATT003574,EMP011,2026-08-04,08:55,17:50,Present
ATT003575,EMP011,2026-08-05,09:17,18:30,Present
ATT003576,EMP011,2026-08-06,08:57,17:50,Present
ATT003577,EMP011,2026-08-07,09:03,17:58,Present
ATT003578,EMP011,2026-08-08,08:51,18:15,Present
ATT003579,EMP011,2026-08-09,09:15,17:53,Present
ATT003580,EMP011,2026-08-10,09:04,18:05,Present
ATT003581,EMP011,2026-08-11,09:03,17:50,Present
ATT003582,EMP011,2026-08-12,09:20,18:24,Present
ATT003583,EMP012,2026-08-01,08:55,17:58,Present
ATT003584,EMP012,2026-08-02,08:58,18:13,Present
ATT003585,EMP012,2026-08-03,09:13,17:55,Present
ATT003586,EMP012,2026-08-04,09:11,18:21,Present
ATT003587,EMP012,2026-08-05,09:02,18:00,Present
ATT003588,EMP012,2026-08-06,09:05,17:51,Present
ATT003589,EMP012,2026-08-07,09:03,18:15,Present
ATT003590,EMP012,2026-08-08,08:56,18:23,Present
ATT003591,EMP012,2026-08-09,08:51,17:52,Present
ATT003592,EMP012,2026-08-10,09:03,18:24,Present
ATT003593,EMP012,2026-08-11,08:52,17:53,Present
ATT003594,EMP012,2026-08-12,09:08,18:29,Present
ATT003595,EMP013,2026-08-01,09:19,17:50,Present
ATT003596,EMP013,2026-08-02,09:13,17:53,Present
ATT003597,EMP013,2026-08-03,08:55,18:04,Present
ATT003598,EMP013,2026-08-04,08:52,18:30,Present
ATT003599,EMP013,2026-08-05,08:53,17:53,Present
ATT003600,EMP013,2026-08-06,08:50,18:23,Present
ATT003601,EMP013,2026-08-07,08:53,18:22,Present
ATT003602,EMP013,2026-08-08,09:04,17:54,Present
ATT003603,EMP013,2026-08-09,09:06,18:20,Present
ATT003604,EMP013,2026-08-10,09:16,18:29,Present
ATT003605,EMP013,2026-08-11,08:51,18:10,Present
ATT003606,EMP013,2026-08-12,08:59,17:51,Present
ATT003607,EMP014,2026-08-01,08:52,17:58,Present
ATT003608,EMP014,2026-08-02,09:20,18:23,Present
ATT003609,EMP014,2026-08-03,09:09,18:08,Present
ATT003610,EMP014,2026-08-04,09:19,18:00,Present
ATT003611,EMP014,2026-08-05,09:00,17:58,Present
ATT003612,EMP014,2026-08-06,09:02,18:00,Present
ATT003613,EMP014,2026-08-07,09:20,17:53,Present
ATT003614,EMP014,2026-08-08,09:04,18:28,Present
ATT003615,EMP014,2026-08-09,09:20,17:50,Present
ATT003616,EMP014,2026-08-10,08:56,18:13,Present
ATT003617,EMP014,2026-08-11,08:58,18:20,Present
ATT003618,EMP014,2026-08-12,09:08,17:54,Present
ATT003619,EMP015,2026-08-01,09:06,18:04,Present
ATT003620,EMP015,2026-08-02,09:09,18:15,Present
ATT003621,EMP015,2026-08-03,09:12,17:57,Present
ATT003622,EMP015,2026-08-04,09:13,18:30,Present
ATT003623,EMP015,2026-08-05,09:05,18:12,Present
ATT003624,EMP015,2026-08-06,09:01,18:22,Present
ATT003625,EMP015,2026-08-07,09:03,17:52,Present
ATT003626,EMP015,2026-08-08,09:05,18:28,Present
ATT003627,EMP015,2026-08-09,08:53,17:52,Present
ATT003628,EMP015,2026-08-10,09:00,17:59,Present
ATT003629,EMP015,2026-08-11,08:57,17:51,Present
ATT003630,EMP015,2026-08-12,09:07,17:51,Present
ATT003631,EMP016,2026-08-01,08:56,18:08,Present
ATT003632,EMP016,2026-08-02,09:09,18:16,Present
ATT003633,EMP016,2026-08-03,09:02,18:14,Present
ATT003634,EMP016,2026-08-04,09:03,18:26,Present
ATT003635,EMP016,2026-08-05,09:15,18:06,Present
ATT003636,EMP016,2026-08-06,09:06,18:23,Present
ATT003637,EMP016,2026-08-07,08:59,18:05,Present
ATT003638,EMP016,2026-08-08,09:09,18:14,Present
ATT003639,EMP016,2026-08-09,08:57,18:28,Present
ATT003640,EMP016,2026-08-10,09:05,18:22,Present
ATT003641,EMP016,2026-08-11,09:20,18:25,Present
ATT003642,EMP016,2026-08-12,08:58,18:23,Present
ATT003643,EMP017,2026-08-01,09:14,18:27,Present
ATT003644,EMP017,2026-08-02,09:12,18:26,Present
ATT003645,EMP017,2026-08-03,09:04,18:10,Present
ATT003646,EMP017,2026-08-04,09:08,17:58,Present
ATT003647,EMP017,2026-08-05,09:11,18:28,Present
ATT003648,EMP017,2026-08-06,09:04,17:58,Present
ATT003649,EMP017,2026-08-07,09:05,18:03,Present
ATT003650,EMP017,2026-08-08,08:51,18:18,Present
ATT003651,EMP017,2026-08-09,09:04,17:56,Present
ATT003652,EMP017,2026-08-10,08:55,18:19,Present
ATT003653,EMP017,2026-08-11,08:51,18:07,Present
ATT003654,EMP017,2026-08-12,09:10,18:22,Present
ATT003655,EMP018,2026-08-01,09:09,18:09,Present
ATT003656,EMP018,2026-08-02,08:52,17:54,Present
ATT003657,EMP018,2026-08-03,09:18,18:15,Present
ATT003658,EMP018,2026-08-04,08:51,18:06,Present
ATT003659,EMP018,2026-08-05,08:58,18:30,Present
ATT003660,EMP018,2026-08-06,08:59,18:07,Present
ATT003661,EMP018,2026-08-07,09:09,18:05,Present
ATT003662,EMP018,2026-08-08,09:16,18:21,Present
ATT003663,EMP018,2026-08-09,08:56,18:11,Present
ATT003664,EMP018,2026-08-10,08:52,18:27,Present
ATT003665,EMP018,2026-08-11,09:06,18:11,Present
ATT003666,EMP018,2026-08-12,09:11,18:14,Present
ATT003667,EMP019,2026-08-01,09:05,18:16,Present
ATT003668,EMP019,2026-08-02,09:11,18:30,Present
ATT003669,EMP019,2026-08-03,09:19,18:08,Present
ATT003670,EMP019,2026-08-04,09:07,18:11,Present
ATT003671,EMP019,2026-08-05,09:15,18:20,Present
ATT003672,EMP019,2026-08-06,09:12,18:19,Present
ATT003673,EMP019,2026-08-07,09:11,18:13,Present
ATT003674,EMP019,2026-08-08,09:15,18:27,Present
ATT003675,EMP019,2026-08-09,09:05,18:27,Present
ATT003676,EMP019,2026-08-10,09:10,18:28,Present
ATT003677,EMP019,2026-08-11,09:14,17:52,Present
ATT003678,EMP019,2026-08-12,09:14,18:17,Present
ATT003679,EMP020,2026-08-01,08:51,18:26,Present
ATT003680,EMP020,2026-08-02,08:52,17:51,Present
ATT003681,EMP020,2026-08-03,09:09,18:00,Present
ATT003682,EMP020,2026-08-04,08:51,18:20,Present
ATT003683,EMP020,2026-08-05,08:59,18:06,Present
ATT003684,EMP020,2026-08-06,09:09,18:27,Present
ATT003685,EMP020,2026-08-07,09:08,18:22,Present
ATT003686,EMP020,2026-08-08,08:54,17:50,Present
ATT003687,EMP020,2026-08-09,08:55,18:01,Present
ATT003688,EMP020,2026-08-10,09:13,18:30,Present
ATT003689,EMP020,2026-08-11,09:12,18:28,Present
ATT003690,EMP020,2026-08-12,09:03,17:58,Present
ATT003691,EMP021,2026-08-01,09:12,18:29,Present
ATT003692,EMP021,2026-08-02,09:15,17:51,Present
ATT003693,EMP021,2026-08-03,09:09,18:23,Present
ATT003694,EMP021,2026-08-04,09:15,18:13,Present
ATT003695,EMP021,2026-08-05,09:04,18:26,Present
ATT003696,EMP021,2026-08-06,09:15,18:25,Present
ATT003697,EMP021,2026-08-07,08:51,18:29,Present
ATT003698,EMP021,2026-08-08,08:57,17:59,Present
ATT003699,EMP021,2026-08-09,08:50,18:21,Present
ATT003700,EMP021,2026-08-10,09:14,17:58,Present
ATT003701,EMP021,2026-08-11,09:20,17:51,Present
ATT003702,EMP021,2026-08-12,09:17,17:59,Present
ATT003703,EMP022,2026-08-01,09:13,18:14,Present
ATT003704,EMP022,2026-08-02,09:16,18:27,Present
ATT003705,EMP022,2026-08-03,08:53,18:05,Present
ATT003706,EMP022,2026-08-04,08:57,17:58,Present
ATT003707,EMP022,2026-08-05,09:19,17:56,Present
ATT003708,EMP022,2026-08-06,08:54,18:05,Present
ATT003709,EMP022,2026-08-07,08:58,18:29,Present
ATT003710,EMP022,2026-08-08,09:10,18:05,Present
ATT003711,EMP022,2026-08-09,09:05,17:51,Present
ATT003712,EMP022,2026-08-10,08:58,17:54,Present
ATT003713,EMP022,2026-08-11,08:57,18:11,Present
ATT003714,EMP022,2026-08-12,09:16,17:57,Present
ATT003715,EMP023,2026-08-01,09:03,18:30,Present
ATT003716,EMP023,2026-08-02,09:10,18:25,Present
ATT003717,EMP023,2026-08-03,09:03,18:27,Present
ATT003718,EMP023,2026-08-04,09:18,18:07,Present
ATT003719,EMP023,2026-08-05,09:13,18:10,Present
ATT003720,EMP023,2026-08-06,09:20,18:04,Present
ATT003721,EMP023,2026-08-07,09:03,18:10,Present
ATT003722,EMP023,2026-08-08,08:57,17:56,Present
ATT003723,EMP023,2026-08-09,09:08,18:30,Present
ATT003724,EMP023,2026-08-10,09:01,18:24,Present
ATT003725,EMP023,2026-08-11,09:15,18:15,Present
ATT003726,EMP023,2026-08-12,09:17,18:01,Present
ATT003727,EMP024,2026-08-01,08:58,18:18,Present
ATT003728,EMP024,2026-08-02,09:14,18:18,Present
ATT003729,EMP024,2026-08-03,09:19,18:30,Present
ATT003730,EMP024,2026-08-04,09:16,18:21,Present
ATT003731,EMP024,2026-08-05,09:15,18:23,Present
ATT003732,EMP024,2026-08-06,09:16,17:58,Present
ATT003733,EMP024,2026-08-07,08:52,17:50,Present
ATT003734,EMP024,2026-08-08,09:10,18:14,Present
ATT003735,EMP024,2026-08-09,09:10,17:57,Present
ATT003736,EMP024,2026-08-10,09:05,17:55,Present
ATT003737,EMP024,2026-08-11,09:13,17:56,Present
ATT003738,EMP024,2026-08-12,08:50,18:30,Present
ATT003739,EMP025,2026-08-01,08:52,17:52,Present
ATT003740,EMP025,2026-08-02,09:06,17:58,Present
ATT003741,EMP025,2026-08-03,09:17,18:01,Present
ATT003742,EMP025,2026-08-04,09:16,17:53,Present
ATT003743,EMP025,2026-08-05,09:20,18:18,Present
ATT003744,EMP025,2026-08-06,08:59,18:20,Present
ATT003745,EMP025,2026-08-07,09:10,17:51,Present
ATT003746,EMP025,2026-08-08,09:11,18:20,Present
ATT003747,EMP025,2026-08-09,09:17,18:24,Present
ATT003748,EMP025,2026-08-10,09:20,18:18,Present
ATT003749,EMP025,2026-08-11,09:10,18:09,Present
ATT003750,EMP025,2026-08-12,08:54,18:02,Present
ATT003751,EMP026,2026-08-01,08:53,18:13,Present
ATT003752,EMP026,2026-08-02,08:50,17:55,Present
ATT003753,EMP026,2026-08-03,09:10,17:51,Present
ATT003754,EMP026,2026-08-04,09:18,18:11,Present
ATT003755,EMP026,2026-08-05,08:51,18:16,Present
ATT003756,EMP026,2026-08-06,08:51,17:56,Present
ATT003757,EMP026,2026-08-07,08:59,17:52,Present
ATT003758,EMP026,2026-08-08,08:59,18:12,Present
ATT003759,EMP026,2026-08-09,08:55,18:14,Present
ATT003760,EMP026,2026-08-10,09:14,18:30,Present
ATT003761,EMP026,2026-08-11,09:17,17:55,Present
ATT003762,EMP026,2026-08-12,08:56,18:20,Present
ATT003763,EMP027,2026-08-01,09:10,18:07,Present
ATT003764,EMP027,2026-08-02,09:11,18:21,Present
ATT003765,EMP027,2026-08-03,08:53,17:50,Present
ATT003766,EMP027,2026-08-04,08:50,18:17,Present
ATT003767,EMP027,2026-08-05,08:59,18:20,Present
ATT003768,EMP027,2026-08-06,08:55,17:52,Present
ATT003769,EMP027,2026-08-07,09:13,17:58,Present
ATT003770,EMP027,2026-08-08,09:00,18:10,Present
ATT003771,EMP027,2026-08-09,08:51,17:51,Present
ATT003772,EMP027,2026-08-10,09:12,18:10,Present
ATT003773,EMP027,2026-08-11,09:13,18:23,Present
ATT003774,EMP027,2026-08-12,09:10,18:19,Present
ATT003775,EMP028,2026-08-01,09:15,18:07,Present
ATT003776,EMP028,2026-08-02,09:02,18:13,Present
ATT003777,EMP028,2026-08-03,09:19,17:50,Present
ATT003778,EMP028,2026-08-04,09:20,17:58,Present
ATT003779,EMP028,2026-08-05,09:18,18:01,Present
ATT003780,EMP028,2026-08-06,09:07,18:05,Present
ATT003781,EMP028,2026-08-07,09:04,18:01,Present
ATT003782,EMP028,2026-08-08,08:58,17:52,Present
ATT003783,EMP028,2026-08-09,08:51,18:01,Present
ATT003784,EMP028,2026-08-10,08:59,18:04,Present
ATT003785,EMP028,2026-08-11,08:54,18:06,Present
ATT003786,EMP028,2026-08-12,09:09,17:51,Present
ATT003787,EMP029,2026-08-01,08:55,18:02,Present
ATT003788,EMP029,2026-08-02,09:11,18:17,Present
ATT003789,EMP029,2026-08-03,09:02,18:15,Present
ATT003790,EMP029,2026-08-04,09:05,18:15,Present
ATT003791,EMP029,2026-08-05,09:13,18:22,Present
ATT003792,EMP029,2026-08-06,09:10,18:30,Present
ATT003793,EMP029,2026-08-07,09:01,17:59,Present
ATT003794,EMP029,2026-08-08,08:51,17:56,Present
ATT003795,EMP029,2026-08-09,09:20,18:15,Present
ATT003796,EMP029,2026-08-10,09:09,17:56,Present
ATT003797,EMP029,2026-08-11,08:53,17:57,Present
ATT003798,EMP029,2026-08-12,09:00,18:12,Present
ATT003799,EMP030,2026-08-01,08:55,18:24,Present
ATT003800,EMP030,2026-08-02,09:20,18:27,Present
ATT003801,EMP030,2026-08-03,09:04,18:06,Present
ATT003802,EMP030,2026-08-04,08:54,18:12,Present
ATT003803,EMP030,2026-08-05,09:17,18:05,Present
ATT003804,EMP030,2026-08-06,09:10,18:19,Present
ATT003805,EMP030,2026-08-07,09:15,18:00,Present
ATT003806,EMP030,2026-08-08,09:00,17:58,Present
ATT003807,EMP030,2026-08-09,09:11,18:10,Present
ATT003808,EMP030,2026-08-10,09:00,18:30,Present
ATT003809,EMP030,2026-08-11,08:52,18:01,Present
ATT003810,EMP030,2026-08-12,09:11,18:16,Present
ATT003811,EMP031,2026-08-01,09:18,18:22,Present
ATT003812,EMP031,2026-08-02,09:02,18:19,Present
ATT003813,EMP031,2026-08-03,08:58,18:08,Present
ATT003814,EMP031,2026-08-04,09:11,17:50,Present
ATT003815,EMP031,2026-08-05,09:01,18:06,Present
ATT003816,EMP031,2026-08-06,08:53,17:58,Present
ATT003817,EMP031,2026-08-07,09:10,18:25,Present
ATT003818,EMP031,2026-08-08,09:06,18:28,Present
ATT003819,EMP031,2026-08-09,09:12,17:52,Present
ATT003820,EMP031,2026-08-10,09:01,17:58,Present
ATT003821,EMP031,2026-08-11,08:51,18:27,Present
ATT003822,EMP031,2026-08-12,08:57,18:11,Present
ATT003823,EMP032,2026-08-01,09:11,17:52,Present
ATT003824,EMP032,2026-08-02,09:16,18:30,Present
ATT003825,EMP032,2026-08-03,08:50,17:58,Present
ATT003826,EMP032,2026-08-04,08:59,18:05,Present
ATT003827,EMP032,2026-08-05,08:50,18:26,Present
ATT003828,EMP032,2026-08-06,08:57,18:17,Present
ATT003829,EMP032,2026-08-07,09:06,18:19,Present
ATT003830,EMP032,2026-08-08,09:17,18:20,Present
ATT003831,EMP032,2026-08-09,09:17,18:18,Present
ATT003832,EMP032,2026-08-10,09:10,18:08,Present
ATT003833,EMP032,2026-08-11,09:11,18:25,Present
ATT003834,EMP032,2026-08-12,09:00,17:55,Present
ATT003835,EMP033,2026-08-01,09:20,18:11,Present
ATT003836,EMP033,2026-08-02,09:18,18:23,Present
ATT003837,EMP033,2026-08-03,09:13,18:19,Present
ATT003838,EMP033,2026-08-04,08:52,18:08,Present
ATT003839,EMP033,2026-08-05,09:06,18:03,Present
ATT003840,EMP033,2026-08-06,08:56,18:15,Present
ATT003841,EMP033,2026-08-07,09:18,18:11,Present
ATT003842,EMP033,2026-08-08,09:06,18:23,Present
ATT003843,EMP033,2026-08-09,09:15,18:19,Present
ATT003844,EMP033,2026-08-10,09:06,18:01,Present
ATT003845,EMP033,2026-08-11,09:14,18:13,Present
ATT003846,EMP033,2026-08-12,08:54,18:03,Present
ATT003847,EMP034,2026-08-01,09:19,17:56,Present
ATT003848,EMP034,2026-08-02,08:51,18:27,Present
ATT003849,EMP034,2026-08-03,09:14,18:28,Present
ATT003850,EMP034,2026-08-04,09:07,18:11,Present
ATT003851,EMP034,2026-08-05,09:13,18:20,Present
ATT003852,EMP034,2026-08-06,09:13,18:14,Present
ATT003853,EMP034,2026-08-07,08:52,17:52,Present
ATT003854,EMP034,2026-08-08,08:51,17:54,Present
ATT003855,EMP034,2026-08-09,08:58,18:30,Present
ATT003856,EMP034,2026-08-10,09:17,18:13,Present
ATT003857,EMP034,2026-08-11,09:02,18:29,Present
ATT003858,EMP034,2026-08-12,08:55,18:13,Present
ATT003859,EMP035,2026-08-01,09:10,17:55,Present
ATT003860,EMP035,2026-08-02,08:56,18:18,Present
ATT003861,EMP035,2026-08-03,08:57,18:21,Present
ATT003862,EMP035,2026-08-04,09:07,18:28,Present
ATT003863,EMP035,2026-08-05,08:59,18:14,Present
ATT003864,EMP035,2026-08-06,09:04,18:07,Present
ATT003865,EMP035,2026-08-07,09:02,18:05,Present
ATT003866,EMP035,2026-08-08,09:14,17:51,Present
ATT003867,EMP035,2026-08-09,08:52,18:27,Present
ATT003868,EMP035,2026-08-10,09:16,17:54,Present
ATT003869,EMP035,2026-08-11,09:18,18:20,Present
ATT003870,EMP035,2026-08-12,08:55,17:58,Present
ATT003871,EMP036,2026-08-01,08:53,18:30,Present
ATT003872,EMP036,2026-08-02,09:13,17:56,Present
ATT003873,EMP036,2026-08-03,09:03,18:26,Present
ATT003874,EMP036,2026-08-04,09:11,18:27,Present
ATT003875,EMP036,2026-08-05,09:13,18:29,Present
ATT003876,EMP036,2026-08-06,09:15,17:55,Present
ATT003877,EMP036,2026-08-07,08:57,18:28,Present
ATT003878,EMP036,2026-08-08,09:18,17:52,Present
ATT003879,EMP036,2026-08-09,09:18,18:25,Present
ATT003880,EMP036,2026-08-10,09:18,18:14,Present
ATT003881,EMP036,2026-08-11,09:16,18:30,Present
ATT003882,EMP036,2026-08-12,09:01,18:01,Present
ATT003883,EMP037,2026-08-01,09:17,18:06,Present
ATT003884,EMP037,2026-08-02,09:19,17:53,Present
ATT003885,EMP037,2026-08-03,08:55,18:01,Present
ATT003886,EMP037,2026-08-04,09:13,18:14,Present
ATT003887,EMP037,2026-08-05,08:51,18:03,Present
ATT003888,EMP037,2026-08-06,09:17,18:30,Present
ATT003889,EMP037,2026-08-07,09:02,17:57,Present
ATT003890,EMP037,2026-08-08,09:12,18:12,Present
ATT003891,EMP037,2026-08-09,09:09,18:00,Present
ATT003892,EMP037,2026-08-10,09:14,18:11,Present
ATT003893,EMP037,2026-08-11,08:59,18:05,Present
ATT003894,EMP037,2026-08-12,08:51,17:51,Present
ATT003895,EMP038,2026-08-01,08:59,18:04,Present
ATT003896,EMP038,2026-08-02,09:14,17:58,Present
ATT003897,EMP038,2026-08-03,09:09,17:53,Present
ATT003898,EMP038,2026-08-04,09:16,18:19,Present
ATT003899,EMP038,2026-08-05,09:08,18:30,Present
ATT003900,EMP038,2026-08-06,09:09,18:28,Present
ATT003901,EMP038,2026-08-07,09:09,18:09,Present
ATT003902,EMP038,2026-08-08,09:12,17:57,Present
ATT003903,EMP038,2026-08-09,09:02,18:22,Present
ATT003904,EMP038,2026-08-10,09:01,18:03,Present
ATT003905,EMP038,2026-08-11,09:14,18:22,Present
ATT003906,EMP038,2026-08-12,09:17,17:51,Present
ATT003907,EMP039,2026-08-01,09:06,17:56,Present
ATT003908,EMP039,2026-08-02,08:56,18:17,Present
ATT003909,EMP039,2026-08-03,09:01,18:28,Present
ATT003910,EMP039,2026-08-04,08:53,18:12,Present
ATT003911,EMP039,2026-08-05,09:05,18:30,Present
ATT003912,EMP039,2026-08-06,09:03,18:14,Present
ATT003913,EMP039,2026-08-07,08:58,18:24,Present
ATT003914,EMP039,2026-08-08,08:52,18:22,Present
ATT003915,EMP039,2026-08-09,09:10,18:26,Present
ATT003916,EMP039,2026-08-10,09:17,18:18,Present
ATT003917,EMP039,2026-08-11,09:09,17:56,Present
ATT003918,EMP039,2026-08-12,08:55,18:16,Present
ATT003919,EMP040,2026-08-01,08:52,17:59,Present
ATT003920,EMP040,2026-08-02,08:53,18:21,Present
ATT003921,EMP040,2026-08-03,08:50,17:50,Present
ATT003922,EMP040,2026-08-04,09:18,18:08,Present
ATT003923,EMP040,2026-08-05,08:55,18:13,Present
ATT003924,EMP040,2026-08-06,09:15,18:22,Present
ATT003925,EMP040,2026-08-07,08:51,18:28,Present
ATT003926,EMP040,2026-08-08,09:14,18:12,Present
ATT003927,EMP040,2026-08-09,09:18,18:30,Present
ATT003928,EMP040,2026-08-10,09:08,17:51,Present
ATT003929,EMP040,2026-08-11,09:10,18:00,Present
ATT003930,EMP040,2026-08-12,08:53,18:15,Present
ATT003931,EMP041,2026-08-01,09:11,18:25,Present
ATT003932,EMP041,2026-08-02,09:06,18:08,Present
ATT003933,EMP041,2026-08-03,08:52,17:56,Present
ATT003934,EMP041,2026-08-04,08:50,17:52,Present
ATT003935,EMP041,2026-08-05,09:02,17:59,Present
ATT003936,EMP041,2026-08-06,08:53,18:22,Present
ATT003937,EMP041,2026-08-07,09:20,18:00,Present
ATT003938,EMP041,2026-08-08,08:56,18:09,Present
ATT003939,EMP041,2026-08-09,09:04,18:07,Present
ATT003940,EMP041,2026-08-10,08:52,18:18,Present
ATT003941,EMP041,2026-08-11,09:11,18:19,Present
ATT003942,EMP041,2026-08-12,09:08,17:54,Present
ATT003943,EMP042,2026-08-01,08:55,18:09,Present
ATT003944,EMP042,2026-08-02,09:07,17:57,Present
ATT003945,EMP042,2026-08-03,08:51,17:52,Present
ATT003946,EMP042,2026-08-04,08:53,18:15,Present
ATT003947,EMP042,2026-08-05,09:02,18:02,Present
ATT003948,EMP042,2026-08-06,09:18,18:24,Present
ATT003949,EMP042,2026-08-07,09:13,18:09,Present
ATT003950,EMP042,2026-08-08,09:18,18:26,Present
ATT003951,EMP042,2026-08-09,08:53,18:01,Present
ATT003952,EMP042,2026-08-10,09:14,18:05,Present
ATT003953,EMP042,2026-08-11,09:06,17:59,Present
ATT003954,EMP042,2026-08-12,08:50,18:29,Present
ATT003955,EMP043,2026-08-01,09:01,18:02,Present
ATT003956,EMP043,2026-08-02,08:56,18:25,Present
ATT003957,EMP043,2026-08-03,09:09,18:18,Present
ATT003958,EMP043,2026-08-04,09:01,18:14,Present
ATT003959,EMP043,2026-08-05,08:54,18:07,Present
ATT003960,EMP043,2026-08-06,09:05,18:07,Present
ATT003961,EMP043,2026-08-07,09:01,18:30,Present
ATT003962,EMP043,2026-08-08,09:06,17:59,Present
ATT003963,EMP043,2026-08-09,09:19,18:29,Present
ATT003964,EMP043,2026-08-10,08:53,18:09,Present
ATT003965,EMP043,2026-08-11,09:10,18:02,Present
ATT003966,EMP043,2026-08-12,09:07,18:01,Present
ATT003967,EMP044,2026-08-01,09:14,18:13,Present
ATT003968,EMP044,2026-08-02,09:04,18:08,Present
ATT003969,EMP044,2026-08-03,09:04,18:14,Present
ATT003970,EMP044,2026-08-04,08:52,18:20,Present
ATT003971,EMP044,2026-08-05,08:50,18:11,Present
ATT003972,EMP044,2026-08-06,09:11,18:18,Present
ATT003973,EMP044,2026-08-07,09:03,18:22,Present
ATT003974,EMP044,2026-08-08,09:14,18:05,Present
ATT003975,EMP044,2026-08-09,08:58,17:59,Present
ATT003976,EMP044,2026-08-10,09:03,18:16,Present
ATT003977,EMP044,2026-08-11,08:50,18:15,Present
ATT003978,EMP044,2026-08-12,09:14,18:30,Present
ATT003979,EMP045,2026-08-01,09:05,17:53,Present
ATT003980,EMP045,2026-08-02,08:53,18:20,Present
ATT003981,EMP045,2026-08-03,09:06,17:55,Present
ATT003982,EMP045,2026-08-04,09:14,18:16,Present
ATT003983,EMP045,2026-08-05,08:58,18:13,Present
ATT003984,EMP045,2026-08-06,09:20,17:58,Present
ATT003985,EMP045,2026-08-07,09:04,18:06,Present
ATT003986,EMP045,2026-08-08,09:04,17:59,Present
ATT003987,EMP045,2026-08-09,09:11,18:19,Present
ATT003988,EMP045,2026-08-10,09:08,18:18,Present
ATT003989,EMP045,2026-08-11,09:19,18:22,Present
ATT003990,EMP045,2026-08-12,09:16,17:56,Present
ATT003991,EMP046,2026-08-01,09:07,18:26,Present
ATT003992,EMP046,2026-08-02,09:06,18:27,Present
ATT003993,EMP046,2026-08-03,09:03,18:19,Present
ATT003994,EMP046,2026-08-04,09:10,18:11,Present
ATT003995,EMP046,2026-08-05,09:12,18:19,Present
ATT003996,EMP046,2026-08-06,09:11,18:04,Present
ATT003997,EMP046,2026-08-07,09:08,17:52,Present
ATT003998,EMP046,2026-08-08,09:06,18:02,Present
ATT003999,EMP046,2026-08-09,08:56,18:07,Present
ATT004000,EMP046,2026-08-10,09:03,17:58,Present
ATT004001,EMP046,2026-08-11,09:20,18:05,Present
ATT004002,EMP046,2026-08-12,09:06,18:03,Present
ATT004003,EMP047,2026-08-01,09:14,18:22,Present
ATT004004,EMP047,2026-08-02,08:57,17:52,Present
ATT004005,EMP047,2026-08-03,09:15,17:50,Present
ATT004006,EMP047,2026-08-04,09:19,18:01,Present
ATT004007,EMP047,2026-08-05,09:06,17:53,Present
ATT004008,EMP047,2026-08-06,09:19,18:27,Present
ATT004009,EMP047,2026-08-07,09:04,18:09,Present
ATT004010,EMP047,2026-08-08,09:19,17:55,Present
ATT004011,EMP047,2026-08-09,09:03,18:26,Present
ATT004012,EMP047,2026-08-10,09:03,18:03,Present
ATT004013,EMP047,2026-08-11,09:07,18:14,Present
ATT004014,EMP047,2026-08-12,09:11,18:25,Present
ATT004015,EMP048,2026-08-01,09:00,17:56,Present
ATT004016,EMP048,2026-08-02,08:57,18:20,Present
ATT004017,EMP048,2026-08-03,09:06,17:56,Present
ATT004018,EMP048,2026-08-04,09:06,18:28,Present
ATT004019,EMP048,2026-08-05,09:14,18:19,Present
ATT004020,EMP048,2026-08-06,08:56,18:23,Present
ATT004021,EMP048,2026-08-07,08:58,18:02,Present
ATT004022,EMP048,2026-08-08,09:13,17:50,Present
ATT004023,EMP048,2026-08-09,08:58,18:30,Present
ATT004024,EMP048,2026-08-10,09:19,17:52,Present
ATT004025,EMP048,2026-08-11,08:50,18:14,Present
ATT004026,EMP048,2026-08-12,08:59,18:03,Present
ATT004027,EMP049,2026-08-01,09:05,18:08,Present
ATT004028,EMP049,2026-08-02,09:09,18:02,Present
ATT004029,EMP049,2026-08-03,09:15,17:54,Present
ATT004030,EMP049,2026-08-04,08:57,18:01,Present
ATT004031,EMP049,2026-08-05,09:03,17:54,Present
ATT004032,EMP049,2026-08-06,09:06,18:11,Present
ATT004033,EMP049,2026-08-07,09:02,18:27,Present
ATT004034,EMP049,2026-08-08,09:06,18:28,Present
ATT004035,EMP049,2026-08-09,09:05,18:00,Present
ATT004036,EMP049,2026-08-10,08:55,17:56,Present
ATT004037,EMP049,2026-08-11,08:58,18:17,Present
ATT004038,EMP049,2026-08-12,09:08,18:02,Present
ATT004039,EMP050,2026-08-01,08:58,18:02,Present
ATT004040,EMP050,2026-08-02,09:05,18:19,Present
ATT004041,EMP050,2026-08-03,08:53,18:23,Present
ATT004042,EMP050,2026-08-04,09:02,18:23,Present
ATT004043,EMP050,2026-08-05,08:59,18:23,Present
ATT004044,EMP050,2026-08-06,08:55,17:58,Present
ATT004045,EMP050,2026-08-07,09:12,17:51,Present
ATT004046,EMP050,2026-08-08,08:57,18:02,Present
ATT004047,EMP050,2026-08-09,08:59,17:56,Present
ATT004048,EMP050,2026-08-10,09:17,18:23,Present
ATT004049,EMP050,2026-08-11,08:57,18:06,Present
ATT004050,EMP050,2026-08-12,09:03,18:25,Present
ATT004051,EMP051,2026-08-01,09:07,18:23,Present
ATT004052,EMP051,2026-08-02,09:09,18:07,Present
ATT004053,EMP051,2026-08-03,09:14,18:03,Present
ATT004054,EMP051,2026-08-04,08:51,17:53,Present
ATT004055,EMP051,2026-08-05,09:05,18:21,Present
ATT004056,EMP051,2026-08-06,09:18,18:29,Present
ATT004057,EMP051,2026-08-07,08:56,18:17,Present
ATT004058,EMP051,2026-08-08,09:20,17:53,Present
ATT004059,EMP051,2026-08-09,09:02,18:16,Present
ATT004060,EMP051,2026-08-10,09:16,18:14,Present
ATT004061,EMP051,2026-08-11,08:54,18:08,Present
ATT004062,EMP051,2026-08-12,09:02,17:50,Present
ATT004063,EMP052,2026-08-01,09:01,18:23,Present
ATT004064,EMP052,2026-08-02,09:06,18:00,Present
ATT004065,EMP052,2026-08-03,09:15,18:30,Present
ATT004066,EMP052,2026-08-04,09:14,17:53,Present
ATT004067,EMP052,2026-08-05,08:59,18:02,Present
ATT004068,EMP052,2026-08-06,09:12,18:11,Present
ATT004069,EMP052,2026-08-07,09:20,18:13,Present
ATT004070,EMP052,2026-08-08,09:14,18:17,Present
ATT004071,EMP052,2026-08-09,08:54,17:50,Present
ATT004072,EMP052,2026-08-10,09:15,18:10,Present
ATT004073,EMP052,2026-08-11,09:20,17:57,Present
ATT004074,EMP052,2026-08-12,09:18,17:58,Present
ATT004075,EMP053,2026-08-01,08:58,17:57,Present
ATT004076,EMP053,2026-08-02,09:01,18:28,Present
ATT004077,EMP053,2026-08-03,08:58,18:06,Present
ATT004078,EMP053,2026-08-04,08:59,18:17,Present
ATT004079,EMP053,2026-08-05,09:16,18:01,Present
ATT004080,EMP053,2026-08-06,09:01,18:11,Present
ATT004081,EMP053,2026-08-07,09:07,17:59,Present
ATT004082,EMP053,2026-08-08,08:55,18:28,Present
ATT004083,EMP053,2026-08-09,09:08,18:18,Present
ATT004084,EMP053,2026-08-10,08:52,18:16,Present
ATT004085,EMP053,2026-08-11,09:03,18:18,Present
ATT004086,EMP053,2026-08-12,09:04,18:18,Present
ATT004087,EMP054,2026-08-01,09:10,18:16,Present
ATT004088,EMP054,2026-08-02,09:03,17:50,Present
ATT004089,EMP054,2026-08-03,09:07,17:51,Present
ATT004090,EMP054,2026-08-04,09:10,18:28,Present
ATT004091,EMP054,2026-08-05,09:11,17:54,Present
ATT004092,EMP054,2026-08-06,09:20,18:11,Present
ATT004093,EMP054,2026-08-07,08:52,18:15,Present
ATT004094,EMP054,2026-08-08,09:11,17:51,Present
ATT004095,EMP054,2026-08-09,09:03,18:15,Present
ATT004096,EMP054,2026-08-10,08:55,17:55,Present
ATT004097,EMP054,2026-08-11,08:58,18:12,Present
ATT004098,EMP054,2026-08-12,08:59,18:28,Present
ATT004099,EMP055,2026-08-01,09:02,18:23,Present
ATT004100,EMP055,2026-08-02,09:16,18:11,Present
ATT004101,EMP055,2026-08-03,08:59,18:04,Present
ATT004102,EMP055,2026-08-04,08:53,18:05,Present
ATT004103,EMP055,2026-08-05,09:12,18:15,Present
ATT004104,EMP055,2026-08-06,08:53,18:22,Present
ATT004105,EMP055,2026-08-07,08:57,18:13,Present
ATT004106,EMP055,2026-08-08,08:57,18:30,Present
ATT004107,EMP055,2026-08-09,09:09,18:29,Present
ATT004108,EMP055,2026-08-10,09:02,18:03,Present
ATT004109,EMP055,2026-08-11,08:52,18:14,Present
ATT004110,EMP055,2026-08-12,09:12,18:12,Present
ATT004111,EMP056,2026-08-01,08:52,18:23,Present
ATT004112,EMP056,2026-08-02,08:55,18:30,Present
ATT004113,EMP056,2026-08-03,08:56,17:59,Present
ATT004114,EMP056,2026-08-04,09:02,18:16,Present
ATT004115,EMP056,2026-08-05,09:07,17:52,Present
ATT004116,EMP056,2026-08-06,08:59,18:23,Present
ATT004117,EMP056,2026-08-07,08:51,18:29,Present
ATT004118,EMP056,2026-08-08,08:58,18:09,Present
ATT004119,EMP056,2026-08-09,09:06,18:17,Present
ATT004120,EMP056,2026-08-10,09:02,18:18,Present
ATT004121,EMP056,2026-08-11,09:16,18:20,Present
ATT004122,EMP056,2026-08-12,08:57,17:52,Present
ATT004123,EMP057,2026-08-01,09:19,18:04,Present
ATT004124,EMP057,2026-08-02,09:13,18:05,Present
ATT004125,EMP057,2026-08-03,08:57,18:19,Present
ATT004126,EMP057,2026-08-04,08:52,18:16,Present
ATT004127,EMP057,2026-08-05,09:01,17:55,Present
ATT004128,EMP057,2026-08-06,09:19,17:57,Present
ATT004129,EMP057,2026-08-07,09:06,18:09,Present
ATT004130,EMP057,2026-08-08,09:04,18:09,Present
ATT004131,EMP057,2026-08-09,09:01,18:05,Present
ATT004132,EMP057,2026-08-10,08:58,18:04,Present
ATT004133,EMP057,2026-08-11,09:18,18:00,Present
ATT004134,EMP057,2026-08-12,09:05,17:55,Present
ATT004135,EMP058,2026-08-01,09:01,18:12,Present
ATT004136,EMP058,2026-08-02,08:57,18:20,Present
ATT004137,EMP058,2026-08-03,09:15,18:28,Present
ATT004138,EMP058,2026-08-04,09:11,18:07,Present
ATT004139,EMP058,2026-08-05,09:16,17:51,Present
ATT004140,EMP058,2026-08-06,09:12,17:51,Present
ATT004141,EMP058,2026-08-07,09:20,17:58,Present
ATT004142,EMP058,2026-08-08,09:08,18:28,Present
ATT004143,EMP058,2026-08-09,09:17,18:01,Present
ATT004144,EMP058,2026-08-10,09:02,18:30,Present
ATT004145,EMP058,2026-08-11,09:07,18:21,Present
ATT004146,EMP058,2026-08-12,09:18,18:18,Present
ATT004147,EMP059,2026-08-01,09:04,18:14,Present
ATT004148,EMP059,2026-08-02,08:56,17:54,Present
ATT004149,EMP059,2026-08-03,09:04,18:10,Present
ATT004150,EMP059,2026-08-04,08:59,17:58,Present
ATT004151,EMP059,2026-08-05,09:13,18:07,Present
ATT004152,EMP059,2026-08-06,09:10,17:59,Present
ATT004153,EMP059,2026-08-07,09:08,17:52,Present
ATT004154,EMP059,2026-08-08,08:58,18:25,Present
ATT004155,EMP059,2026-08-09,09:05,18:03,Present
ATT004156,EMP059,2026-08-10,09:16,18:15,Present
ATT004157,EMP059,2026-08-11,08:53,18:27,Present
ATT004158,EMP059,2026-08-12,08:56,18:12,Present
ATT004159,EMP060,2026-08-01,09:06,18:11,Present
ATT004160,EMP060,2026-08-02,09:09,18:01,Present
ATT004161,EMP060,2026-08-03,09:04,17:54,Present
ATT004162,EMP060,2026-08-04,09:06,17:52,Present
ATT004163,EMP060,2026-08-05,09:05,18:12,Present
ATT004164,EMP060,2026-08-06,09:05,18:19,Present
ATT004165,EMP060,2026-08-07,09:09,18:00,Present
ATT004166,EMP060,2026-08-08,08:59,17:59,Present
ATT004167,EMP060,2026-08-09,09:14,18:14,Present
ATT004168,EMP060,2026-08-10,09:13,18:25,Present
ATT004169,EMP060,2026-08-11,09:14,18:02,Present
ATT004170,EMP060,2026-08-12,09:06,18:16,Present
ATT004171,EMP061,2026-08-01,08:51,18:25,Present
ATT004172,EMP061,2026-08-02,08:53,17:50,Present
ATT004173,EMP061,2026-08-03,09:20,17:53,Present
ATT004174,EMP061,2026-08-04,09:06,18:27,Present
ATT004175,EMP061,2026-08-05,09:16,18:09,Present
ATT004176,EMP061,2026-08-06,09:05,18:22,Present
ATT004177,EMP061,2026-08-07,09:14,18:18,Present
ATT004178,EMP061,2026-08-08,09:09,18:01,Present
ATT004179,EMP061,2026-08-09,08:54,18:22,Present
ATT004180,EMP061,2026-08-10,09:15,18:19,Present
ATT004181,EMP061,2026-08-11,09:14,18:09,Present
ATT004182,EMP061,2026-08-12,09:18,18:11,Present
ATT004183,EMP062,2026-08-01,08:51,18:27,Present
ATT004184,EMP062,2026-08-02,09:16,18:03,Present
ATT004185,EMP062,2026-08-03,08:51,18:29,Present
ATT004186,EMP062,2026-08-04,09:17,17:56,Present
ATT004187,EMP062,2026-08-05,09:17,18:10,Present
ATT004188,EMP062,2026-08-06,08:56,17:50,Present
ATT004189,EMP062,2026-08-07,09:11,18:04,Present
ATT004190,EMP062,2026-08-08,09:05,18:13,Present
ATT004191,EMP062,2026-08-09,09:16,18:04,Present
ATT004192,EMP062,2026-08-10,09:05,18:13,Present
ATT004193,EMP062,2026-08-11,09:05,18:22,Present
ATT004194,EMP062,2026-08-12,09:15,17:51,Present
ATT004195,EMP063,2026-08-01,08:53,18:19,Present
ATT004196,EMP063,2026-08-02,09:03,18:06,Present
ATT004197,EMP063,2026-08-03,09:14,18:23,Present
ATT004198,EMP063,2026-08-04,08:57,17:51,Present
ATT004199,EMP063,2026-08-05,09:04,18:03,Present
ATT004200,EMP063,2026-08-06,09:01,17:59,Present
ATT004201,EMP063,2026-08-07,08:50,18:24,Present
ATT004202,EMP063,2026-08-08,08:55,18:07,Present
ATT004203,EMP063,2026-08-09,08:57,18:24,Present
ATT004204,EMP063,2026-08-10,08:59,17:57,Present
ATT004205,EMP063,2026-08-11,09:19,18:03,Present
ATT004206,EMP063,2026-08-12,09:18,18:25,Present
ATT004207,EMP064,2026-08-01,09:06,18:06,Present
ATT004208,EMP064,2026-08-02,09:20,18:03,Present
ATT004209,EMP064,2026-08-03,09:02,18:25,Present
ATT004210,EMP064,2026-08-04,08:56,18:01,Present
ATT004211,EMP064,2026-08-05,09:05,17:51,Present
ATT004212,EMP064,2026-08-06,09:01,18:24,Present
ATT004213,EMP064,2026-08-07,09:12,18:14,Present
ATT004214,EMP064,2026-08-08,09:03,18:19,Present
ATT004215,EMP064,2026-08-09,08:53,18:01,Present
ATT004216,EMP064,2026-08-10,09:06,18:26,Present
ATT004217,EMP064,2026-08-11,09:08,18:19,Present
ATT004218,EMP064,2026-08-12,09:06,18:20,Present
ATT004219,EMP065,2026-08-01,08:51,18:07,Present
ATT004220,EMP065,2026-08-02,09:11,18:12,Present
ATT004221,EMP065,2026-08-03,09:20,17:50,Present
ATT004222,EMP065,2026-08-04,09:18,18:18,Present
ATT004223,EMP065,2026-08-05,09:06,17:58,Present
ATT004224,EMP065,2026-08-06,08:53,18:02,Present
ATT004225,EMP065,2026-08-07,08:57,17:58,Present
ATT004226,EMP065,2026-08-08,09:18,18:21,Present
ATT004227,EMP065,2026-08-09,09:13,18:17,Present
ATT004228,EMP065,2026-08-10,08:51,18:26,Present
ATT004229,EMP065,2026-08-11,09:18,18:18,Present
ATT004230,EMP065,2026-08-12,09:11,17:58,Present
ATT004231,EMP066,2026-08-01,09:13,18:08,Present
ATT004232,EMP066,2026-08-02,08:50,18:11,Present
ATT004233,EMP066,2026-08-03,09:13,17:53,Present
ATT004234,EMP066,2026-08-04,09:20,18:13,Present
ATT004235,EMP066,2026-08-05,08:55,18:23,Present
ATT004236,EMP066,2026-08-06,09:19,18:05,Present
ATT004237,EMP066,2026-08-07,08:53,18:12,Present
ATT004238,EMP066,2026-08-08,09:11,18:30,Present
ATT004239,EMP066,2026-08-09,09:10,18:12,Present
ATT004240,EMP066,2026-08-10,08:50,18:15,Present
ATT004241,EMP066,2026-08-11,08:56,17:52,Present
ATT004242,EMP066,2026-08-12,09:07,18:02,Present
ATT004243,EMP067,2026-08-01,09:06,18:06,Present
ATT004244,EMP067,2026-08-02,09:05,17:53,Present
ATT004245,EMP067,2026-08-03,09:12,18:14,Present
ATT004246,EMP067,2026-08-04,09:02,18:06,Present
ATT004247,EMP067,2026-08-05,09:19,18:19,Present
ATT004248,EMP067,2026-08-06,09:07,18:10,Present
ATT004249,EMP067,2026-08-07,08:52,18:26,Present
ATT004250,EMP067,2026-08-08,09:07,17:52,Present
ATT004251,EMP067,2026-08-09,08:56,18:02,Present
ATT004252,EMP067,2026-08-10,09:08,18:19,Present
ATT004253,EMP067,2026-08-11,09:13,18:12,Present
ATT004254,EMP067,2026-08-12,09:16,18:04,Present
ATT004255,EMP068,2026-08-01,08:53,18:30,Present
ATT004256,EMP068,2026-08-02,09:11,18:05,Present
ATT004257,EMP068,2026-08-03,08:52,18:04,Present
ATT004258,EMP068,2026-08-04,08:50,18:04,Present
ATT004259,EMP068,2026-08-05,08:52,18:23,Present
ATT004260,EMP068,2026-08-06,08:54,18:02,Present
ATT004261,EMP068,2026-08-07,09:02,18:00,Present
ATT004262,EMP068,2026-08-08,09:14,17:51,Present
ATT004263,EMP068,2026-08-09,09:14,18:24,Present
ATT004264,EMP068,2026-08-10,09:11,17:58,Present
ATT004265,EMP068,2026-08-11,09:17,17:59,Present
ATT004266,EMP068,2026-08-12,09:17,18:04,Present
ATT004267,EMP069,2026-08-01,09:17,18:13,Present
ATT004268,EMP069,2026-08-02,08:51,18:01,Present
ATT004269,EMP069,2026-08-03,08:59,17:55,Present
ATT004270,EMP069,2026-08-04,09:20,18:17,Present
ATT004271,EMP069,2026-08-05,09:13,18:09,Present
ATT004272,EMP069,2026-08-06,09:02,18:11,Present
ATT004273,EMP069,2026-08-07,09:04,18:11,Present
ATT004274,EMP069,2026-08-08,08:51,18:24,Present
ATT004275,EMP069,2026-08-09,08:53,18:25,Present
ATT004276,EMP069,2026-08-10,09:07,18:06,Present
ATT004277,EMP069,2026-08-11,09:05,18:26,Present
ATT004278,EMP069,2026-08-12,09:07,18:13,Present
ATT004279,EMP070,2026-08-01,09:15,18:05,Present
ATT004280,EMP070,2026-08-02,08:58,18:07,Present
ATT004281,EMP070,2026-08-03,08:53,18:25,Present
ATT004282,EMP070,2026-08-04,09:11,18:03,Present
ATT004283,EMP070,2026-08-05,08:56,18:18,Present
ATT004284,EMP070,2026-08-06,09:00,18:17,Present
ATT004285,EMP070,2026-08-07,09:14,18:30,Present
ATT004286,EMP070,2026-08-08,08:50,18:30,Present
ATT004287,EMP070,2026-08-09,09:20,17:56,Present
ATT004288,EMP070,2026-08-10,08:58,18:15,Present
ATT004289,EMP070,2026-08-11,09:01,18:23,Present
ATT004290,EMP070,2026-08-12,08:51,18:14,Present
ATT004291,EMP071,2026-08-01,09:00,18:23,Present
ATT004292,EMP071,2026-08-02,09:03,18:21,Present
ATT004293,EMP071,2026-08-03,09:04,18:08,Present
ATT004294,EMP071,2026-08-04,09:01,18:16,Present
ATT004295,EMP071,2026-08-05,09:09,18:13,Present
ATT004296,EMP071,2026-08-06,09:14,18:07,Present
ATT004297,EMP071,2026-08-07,08:53,18:17,Present
ATT004298,EMP071,2026-08-08,09:17,18:07,Present
ATT004299,EMP071,2026-08-09,08:53,17:50,Present
ATT004300,EMP071,2026-08-10,08:52,18:12,Present
ATT004301,EMP071,2026-08-11,09:12,18:12,Present
ATT004302,EMP071,2026-08-12,09:00,17:55,Present
ATT004303,EMP072,2026-08-01,08:51,17:50,Present
ATT004304,EMP072,2026-08-02,09:03,18:13,Present
ATT004305,EMP072,2026-08-03,09:15,18:25,Present
ATT004306,EMP072,2026-08-04,09:00,18:21,Present
ATT004307,EMP072,2026-08-05,09:13,17:53,Present
ATT004308,EMP072,2026-08-06,09:19,18:14,Present
ATT004309,EMP072,2026-08-07,09:07,18:13,Present
ATT004310,EMP072,2026-08-08,09:20,18:02,Present
ATT004311,EMP072,2026-08-09,08:50,18:27,Present
ATT004312,EMP072,2026-08-10,09:18,18:25,Present
ATT004313,EMP072,2026-08-11,08:58,18:00,Present
ATT004314,EMP072,2026-08-12,09:06,18:03,Present
ATT004315,EMP073,2026-08-01,09:00,18:02,Present
ATT004316,EMP073,2026-08-02,08:53,18:26,Present
ATT004317,EMP073,2026-08-03,09:11,18:02,Present
ATT004318,EMP073,2026-08-04,09:11,18:09,Present
ATT004319,EMP073,2026-08-05,09:13,18:24,Present
ATT004320,EMP073,2026-08-06,09:19,18:23,Present
ATT004321,EMP073,2026-08-07,09:11,18:04,Present
ATT004322,EMP073,2026-08-08,08:56,18:01,Present
ATT004323,EMP073,2026-08-09,09:19,18:26,Present
ATT004324,EMP073,2026-08-10,09:10,18:29,Present
ATT004325,EMP073,2026-08-11,09:08,17:53,Present
ATT004326,EMP073,2026-08-12,09:16,18:05,Present
ATT004327,EMP074,2026-08-01,08:52,18:19,Present
ATT004328,EMP074,2026-08-02,09:14,18:26,Present
ATT004329,EMP074,2026-08-03,08:58,18:18,Present
ATT004330,EMP074,2026-08-04,08:51,17:52,Present
ATT004331,EMP074,2026-08-05,08:53,17:58,Present
ATT004332,EMP074,2026-08-06,09:13,18:15,Present
ATT004333,EMP074,2026-08-07,08:58,18:00,Present
ATT004334,EMP074,2026-08-08,09:14,18:28,Present
ATT004335,EMP074,2026-08-09,09:00,18:27,Present
ATT004336,EMP074,2026-08-10,08:57,17:51,Present
ATT004337,EMP074,2026-08-11,09:01,17:55,Present
ATT004338,EMP074,2026-08-12,08:55,17:54,Present
ATT004339,EMP075,2026-08-01,09:10,18:21,Present
ATT004340,EMP075,2026-08-02,09:15,18:14,Present
ATT004341,EMP075,2026-08-03,08:54,17:54,Present
ATT004342,EMP075,2026-08-04,09:17,18:28,Present
ATT004343,EMP075,2026-08-05,08:50,17:50,Present
ATT004344,EMP075,2026-08-06,08:56,18:20,Present
ATT004345,EMP075,2026-08-07,09:14,17:52,Present
ATT004346,EMP075,2026-08-08,08:54,18:12,Present
ATT004347,EMP075,2026-08-09,09:18,18:09,Present
ATT004348,EMP075,2026-08-10,08:54,18:18,Present
ATT004349,EMP075,2026-08-11,09:11,18:16,Present
ATT004350,EMP075,2026-08-12,09:04,17:57,Present
ATT004351,EMP076,2026-08-01,09:05,18:12,Present
ATT004352,EMP076,2026-08-02,09:14,18:15,Present
ATT004353,EMP076,2026-08-03,09:11,18:26,Present
ATT004354,EMP076,2026-08-04,09:13,18:00,Present
ATT004355,EMP076,2026-08-05,09:01,18:21,Present
ATT004356,EMP076,2026-08-06,09:05,18:28,Present
ATT004357,EMP076,2026-08-07,09:09,18:14,Present
ATT004358,EMP076,2026-08-08,09:06,18:27,Present
ATT004359,EMP076,2026-08-09,09:10,17:51,Present
ATT004360,EMP076,2026-08-10,09:16,17:57,Present
ATT004361,EMP076,2026-08-11,09:07,18:27,Present
ATT004362,EMP076,2026-08-12,08:52,17:50,Present
ATT004363,EMP077,2026-08-01,08:56,18:08,Present
ATT004364,EMP077,2026-08-02,09:04,18:19,Present
ATT004365,EMP077,2026-08-03,09:18,18:08,Present
ATT004366,EMP077,2026-08-04,08:54,18:25,Present
ATT004367,EMP077,2026-08-05,09:16,18:00,Present
ATT004368,EMP077,2026-08-06,09:17,18:21,Present
ATT004369,EMP077,2026-08-07,09:09,18:28,Present
ATT004370,EMP077,2026-08-08,08:56,18:23,Present
ATT004371,EMP077,2026-08-09,09:14,18:02,Present
ATT004372,EMP077,2026-08-10,09:02,18:20,Present
ATT004373,EMP077,2026-08-11,09:20,18:01,Present
ATT004374,EMP077,2026-08-12,09:05,18:04,Present
ATT004375,EMP078,2026-08-01,08:53,17:58,Present
ATT004376,EMP078,2026-08-02,08:59,18:06,Present
ATT004377,EMP078,2026-08-03,09:05,18:04,Present
ATT004378,EMP078,2026-08-04,08:56,18:27,Present
ATT004379,EMP078,2026-08-05,09:16,18:02,Present
ATT004380,EMP078,2026-08-06,09:02,18:22,Present
ATT004381,EMP078,2026-08-07,08:59,18:16,Present
ATT004382,EMP078,2026-08-08,09:06,18:17,Present
ATT004383,EMP078,2026-08-09,09:13,18:14,Present
ATT004384,EMP078,2026-08-10,08:59,17:55,Present
ATT004385,EMP078,2026-08-11,08:52,18:30,Present
ATT004386,EMP078,2026-08-12,09:17,18:18,Present
ATT004387,EMP079,2026-08-01,09:07,18:09,Present
ATT004388,EMP079,2026-08-02,09:17,18:25,Present
ATT004389,EMP079,2026-08-03,09:15,18:03,Present
ATT004390,EMP079,2026-08-04,09:20,17:57,Present
ATT004391,EMP079,2026-08-05,08:58,18:25,Present
ATT004392,EMP079,2026-08-06,09:02,17:57,Present
ATT004393,EMP079,2026-08-07,09:01,17:56,Present
ATT004394,EMP079,2026-08-08,09:16,18:27,Present
ATT004395,EMP079,2026-08-09,08:51,18:09,Present
ATT004396,EMP079,2026-08-10,09:11,18:28,Present
ATT004397,EMP079,2026-08-11,08:51,18:09,Present
ATT004398,EMP079,2026-08-12,08:54,18:30,Present
ATT004399,EMP080,2026-08-01,09:06,18:10,Present
ATT004400,EMP080,2026-08-02,09:14,18:04,Present
ATT004401,EMP080,2026-08-03,08:50,18:08,Present
ATT004402,EMP080,2026-08-04,09:06,18:03,Present
ATT004403,EMP080,2026-08-05,09:19,18:15,Present
ATT004404,EMP080,2026-08-06,09:20,18:18,Present
ATT004405,EMP080,2026-08-07,08:51,18:13,Present
ATT004406,EMP080,2026-08-08,08:57,18:01,Present
ATT004407,EMP080,2026-08-09,09:17,18:01,Present
ATT004408,EMP080,2026-08-10,09:08,17:54,Present
ATT004409,EMP080,2026-08-11,08:51,18:07,Present
ATT004410,EMP080,2026-08-12,08:53,18:11,Present
ATT004411,EMP081,2026-08-01,09:06,18:29,Present
ATT004412,EMP081,2026-08-02,08:53,18:06,Present
ATT004413,EMP081,2026-08-03,09:00,18:08,Present
ATT004414,EMP081,2026-08-04,09:19,18:01,Present
ATT004415,EMP081,2026-08-05,09:10,18:28,Present
ATT004416,EMP081,2026-08-06,08:56,18:22,Present
ATT004417,EMP081,2026-08-07,09:03,18:16,Present
ATT004418,EMP081,2026-08-08,09:08,18:29,Present
ATT004419,EMP081,2026-08-09,09:06,18:20,Present
ATT004420,EMP081,2026-08-10,09:17,17:59,Present
ATT004421,EMP081,2026-08-11,08:53,18:03,Present
ATT004422,EMP081,2026-08-12,09:03,18:13,Present
ATT004423,EMP082,2026-08-01,08:53,18:21,Present
ATT004424,EMP082,2026-08-02,09:16,18:06,Present
ATT004425,EMP082,2026-08-03,08:54,17:53,Present
ATT004426,EMP082,2026-08-04,09:18,18:27,Present
ATT004427,EMP082,2026-08-05,09:09,18:01,Present
ATT004428,EMP082,2026-08-06,09:10,18:22,Present
ATT004429,EMP082,2026-08-07,09:18,18:25,Present
ATT004430,EMP082,2026-08-08,08:57,18:04,Present
ATT004431,EMP082,2026-08-09,09:09,18:02,Present
ATT004432,EMP082,2026-08-10,09:08,18:26,Present
ATT004433,EMP082,2026-08-11,09:18,17:56,Present
ATT004434,EMP082,2026-08-12,09:12,18:01,Present
ATT004435,EMP083,2026-08-01,08:54,18:15,Present
ATT004436,EMP083,2026-08-02,09:17,17:57,Present
ATT004437,EMP083,2026-08-03,08:52,18:17,Present
ATT004438,EMP083,2026-08-04,09:04,18:07,Present
ATT004439,EMP083,2026-08-05,08:56,17:50,Present
ATT004440,EMP083,2026-08-06,08:52,18:03,Present
ATT004441,EMP083,2026-08-07,09:20,18:07,Present
ATT004442,EMP083,2026-08-08,09:03,18:03,Present
ATT004443,EMP083,2026-08-09,09:05,18:01,Present
ATT004444,EMP083,2026-08-10,09:18,18:22,Present
ATT004445,EMP083,2026-08-11,08:52,18:17,Present
ATT004446,EMP083,2026-08-12,09:00,17:59,Present
ATT004447,EMP084,2026-08-01,09:00,18:25,Present
ATT004448,EMP084,2026-08-02,09:01,18:29,Present
ATT004449,EMP084,2026-08-03,09:15,18:01,Present
ATT004450,EMP084,2026-08-04,08:51,18:20,Present
ATT004451,EMP084,2026-08-05,09:07,18:25,Present
ATT004452,EMP084,2026-08-06,09:08,18:08,Present
ATT004453,EMP084,2026-08-07,08:50,18:06,Present
ATT004454,EMP084,2026-08-08,09:16,18:09,Present
ATT004455,EMP084,2026-08-09,08:59,18:14,Present
ATT004456,EMP084,2026-08-10,08:58,18:30,Present
ATT004457,EMP084,2026-08-11,09:02,18:02,Present
ATT004458,EMP084,2026-08-12,09:04,18:01,Present
ATT004459,EMP085,2026-08-01,09:09,17:50,Present
ATT004460,EMP085,2026-08-02,09:17,18:07,Present
ATT004461,EMP085,2026-08-03,08:52,18:16,Present
ATT004462,EMP085,2026-08-04,09:12,18:17,Present
ATT004463,EMP085,2026-08-05,09:18,17:58,Present
ATT004464,EMP085,2026-08-06,08:54,18:28,Present
ATT004465,EMP085,2026-08-07,09:20,18:14,Present
ATT004466,EMP085,2026-08-08,08:59,18:15,Present
ATT004467,EMP085,2026-08-09,09:20,17:55,Present
ATT004468,EMP085,2026-08-10,09:03,18:05,Present
ATT004469,EMP085,2026-08-11,09:13,18:01,Present
ATT004470,EMP085,2026-08-12,09:17,17:58,Present
ATT004471,EMP086,2026-08-01,09:12,18:17,Present
ATT004472,EMP086,2026-08-02,09:13,18:19,Present
ATT004473,EMP086,2026-08-03,08:52,17:58,Present
ATT004474,EMP086,2026-08-04,08:51,17:51,Present
ATT004475,EMP086,2026-08-05,08:56,18:06,Present
ATT004476,EMP086,2026-08-06,09:16,17:58,Present
ATT004477,EMP086,2026-08-07,09:10,18:30,Present
ATT004478,EMP086,2026-08-08,09:19,18:28,Present
ATT004479,EMP086,2026-08-09,08:51,18:27,Present
ATT004480,EMP086,2026-08-10,09:04,18:29,Present
ATT004481,EMP086,2026-08-11,09:17,17:51,Present
ATT004482,EMP086,2026-08-12,08:53,18:16,Present
ATT004483,EMP087,2026-08-01,08:52,18:15,Present
ATT004484,EMP087,2026-08-02,09:12,18:13,Present
ATT004485,EMP087,2026-08-03,08:56,17:53,Present
ATT004486,EMP087,2026-08-04,08:57,17:52,Present
ATT004487,EMP087,2026-08-05,09:06,18:21,Present
ATT004488,EMP087,2026-08-06,09:00,17:50,Present
ATT004489,EMP087,2026-08-07,09:17,18:18,Present
ATT004490,EMP087,2026-08-08,09:11,18:21,Present
ATT004491,EMP087,2026-08-09,09:11,17:50,Present
ATT004492,EMP087,2026-08-10,09:14,18:23,Present
ATT004493,EMP087,2026-08-11,09:11,18:14,Present
ATT004494,EMP087,2026-08-12,08:52,17:53,Present
ATT004495,EMP088,2026-08-01,09:19,18:19,Present
ATT004496,EMP088,2026-08-02,09:06,17:59,Present
ATT004497,EMP088,2026-08-03,08:58,17:54,Present
ATT004498,EMP088,2026-08-04,09:16,18:11,Present
ATT004499,EMP088,2026-08-05,09:13,18:25,Present
ATT004500,EMP088,2026-08-06,09:19,18:22,Present
ATT004501,EMP088,2026-08-07,09:12,17:59,Present
ATT004502,EMP088,2026-08-08,08:55,18:19,Present
ATT004503,EMP088,2026-08-09,08:54,18:04,Present
ATT004504,EMP088,2026-08-10,09:02,18:09,Present
ATT004505,EMP088,2026-08-11,08:54,18:25,Present
ATT004506,EMP088,2026-08-12,08:54,18:06,Present
ATT004507,EMP089,2026-08-01,08:51,18:24,Present
ATT004508,EMP089,2026-08-02,09:14,18:15,Present
ATT004509,EMP089,2026-08-03,09:02,17:57,Present
ATT004510,EMP089,2026-08-04,09:03,18:06,Present
ATT004511,EMP089,2026-08-05,09:19,18:00,Present
ATT004512,EMP089,2026-08-06,08:51,18:23,Present
ATT004513,EMP089,2026-08-07,08:58,18:21,Present
ATT004514,EMP089,2026-08-08,09:13,17:53,Present
ATT004515,EMP089,2026-08-09,09:07,18:21,Present
ATT004516,EMP089,2026-08-10,09:15,18:07,Present
ATT004517,EMP089,2026-08-11,09:01,18:08,Present
ATT004518,EMP089,2026-08-12,09:06,18:12,Present
ATT004519,EMP090,2026-08-01,08:54,18:30,Present
ATT004520,EMP090,2026-08-02,09:07,18:04,Present
ATT004521,EMP090,2026-08-03,09:20,17:53,Present
ATT004522,EMP090,2026-08-04,09:18,17:58,Present
ATT004523,EMP090,2026-08-05,09:06,17:56,Present
ATT004524,EMP090,2026-08-06,08:53,18:07,Present
ATT004525,EMP090,2026-08-07,08:55,18:16,Present
ATT004526,EMP090,2026-08-08,08:59,18:14,Present
ATT004527,EMP090,2026-08-09,09:14,18:11,Present
ATT004528,EMP090,2026-08-10,09:10,18:27,Present
ATT004529,EMP090,2026-08-11,08:57,18:27,Present
ATT004530,EMP090,2026-08-12,08:56,18:01,Present
ATT004531,EMP091,2026-08-01,09:18,18:10,Present
ATT004532,EMP091,2026-08-02,09:13,18:30,Present
ATT004533,EMP091,2026-08-03,09:19,18:07,Present
ATT004534,EMP091,2026-08-04,09:01,18:24,Present
ATT004535,EMP091,2026-08-05,09:02,18:16,Present
ATT004536,EMP091,2026-08-06,09:17,18:05,Present
ATT004537,EMP091,2026-08-07,08:51,18:27,Present
ATT004538,EMP091,2026-08-08,09:13,18:29,Present
ATT004539,EMP091,2026-08-09,08:58,18:02,Present
ATT004540,EMP091,2026-08-10,09:20,18:24,Present
ATT004541,EMP091,2026-08-11,09:12,18:05,Present
ATT004542,EMP091,2026-08-12,09:05,17:59,Present
ATT004543,EMP092,2026-08-01,09:06,18:12,Present
ATT004544,EMP092,2026-08-02,09:18,18:03,Present
ATT004545,EMP092,2026-08-03,08:54,18:06,Present
ATT004546,EMP092,2026-08-04,08:56,18:05,Present
ATT004547,EMP092,2026-08-05,08:55,18:02,Present
ATT004548,EMP092,2026-08-06,08:50,18:07,Present
ATT004549,EMP092,2026-08-07,09:06,18:06,Present
ATT004550,EMP092,2026-08-08,09:12,18:24,Present
ATT004551,EMP092,2026-08-09,08:57,18:13,Present
ATT004552,EMP092,2026-08-10,08:51,18:21,Present
ATT004553,EMP092,2026-08-11,08:54,18:07,Present
ATT004554,EMP092,2026-08-12,08:51,18:25,Present
ATT004555,EMP093,2026-08-01,09:01,17:50,Present
ATT004556,EMP093,2026-08-02,08:51,18:25,Present
ATT004557,EMP093,2026-08-03,08:56,18:20,Present
ATT004558,EMP093,2026-08-04,09:19,18:10,Present
ATT004559,EMP093,2026-08-05,08:52,18:09,Present
ATT004560,EMP093,2026-08-06,08:57,18:26,Present
ATT004561,EMP093,2026-08-07,09:15,18:14,Present
ATT004562,EMP093,2026-08-08,08:59,17:55,Present
ATT004563,EMP093,2026-08-09,09:08,18:17,Present
ATT004564,EMP093,2026-08-10,08:53,17:57,Present
ATT004565,EMP093,2026-08-11,08:56,18:00,Present
ATT004566,EMP093,2026-08-12,09:10,18:06,Present
ATT004567,EMP094,2026-08-01,08:51,18:11,Present
ATT004568,EMP094,2026-08-02,08:57,17:51,Present
ATT004569,EMP094,2026-08-03,09:05,18:16,Present
ATT004570,EMP094,2026-08-04,09:18,18:11,Present
ATT004571,EMP094,2026-08-05,09:01,18:16,Present
ATT004572,EMP094,2026-08-06,09:20,17:58,Present
ATT004573,EMP094,2026-08-07,09:08,17:50,Present
ATT004574,EMP094,2026-08-08,08:58,17:51,Present
ATT004575,EMP094,2026-08-09,09:12,18:26,Present
ATT004576,EMP094,2026-08-10,09:15,18:30,Present
ATT004577,EMP094,2026-08-11,08:52,18:24,Present
ATT004578,EMP094,2026-08-12,09:03,17:58,Present
ATT004579,EMP095,2026-08-01,09:08,18:12,Present
ATT004580,EMP095,2026-08-02,09:09,17:53,Present
ATT004581,EMP095,2026-08-03,09:10,17:50,Present
ATT004582,EMP095,2026-08-04,08:59,18:19,Present
ATT004583,EMP095,2026-08-05,09:14,18:25,Present
ATT004584,EMP095,2026-08-06,08:51,18:19,Present
ATT004585,EMP095,2026-08-07,09:16,18:06,Present
ATT004586,EMP095,2026-08-08,09:12,17:50,Present
ATT004587,EMP095,2026-08-09,09:11,18:12,Present
ATT004588,EMP095,2026-08-10,08:53,18:30,Present
ATT004589,EMP095,2026-08-11,09:10,18:00,Present
ATT004590,EMP095,2026-08-12,09:18,18:27,Present
ATT004591,EMP096,2026-08-01,08:53,18:06,Present
ATT004592,EMP096,2026-08-02,09:15,18:20,Present
ATT004593,EMP096,2026-08-03,09:04,18:28,Present
ATT004594,EMP096,2026-08-04,09:04,17:52,Present
ATT004595,EMP096,2026-08-05,09:20,18:18,Present
ATT004596,EMP096,2026-08-06,08:55,18:16,Present
ATT004597,EMP096,2026-08-07,09:13,18:25,Present
ATT004598,EMP096,2026-08-08,09:18,18:09,Present
ATT004599,EMP096,2026-08-09,09:05,18:19,Present
ATT004600,EMP096,2026-08-10,09:11,18:17,Present
ATT004601,EMP096,2026-08-11,09:03,18:10,Present
ATT004602,EMP096,2026-08-12,09:09,18:00,Present
ATT004603,EMP097,2026-08-01,09:07,18:26,Present
ATT004604,EMP097,2026-08-02,09:02,18:07,Present
ATT004605,EMP097,2026-08-03,08:51,18:07,Present
ATT004606,EMP097,2026-08-04,08:55,18:19,Present
ATT004607,EMP097,2026-08-05,08:59,18:20,Present
ATT004608,EMP097,2026-08-06,09:15,18:05,Present
ATT004609,EMP097,2026-08-07,09:02,18:12,Present
ATT004610,EMP097,2026-08-08,09:15,18:01,Present
ATT004611,EMP097,2026-08-09,09:14,18:25,Present
ATT004612,EMP097,2026-08-10,09:07,17:52,Present
ATT004613,EMP097,2026-08-11,09:03,18:30,Present
ATT004614,EMP097,2026-08-12,09:03,17:53,Present
ATT004615,EMP098,2026-08-01,09:04,18:24,Present
ATT004616,EMP098,2026-08-02,09:01,18:24,Present
ATT004617,EMP098,2026-08-03,08:51,18:20,Present
ATT004618,EMP098,2026-08-04,09:16,18:26,Present
ATT004619,EMP098,2026-08-05,09:08,18:22,Present
ATT004620,EMP098,2026-08-06,09:02,18:16,Present
ATT004621,EMP098,2026-08-07,08:57,18:03,Present
ATT004622,EMP098,2026-08-08,09:14,18:27,Present
ATT004623,EMP098,2026-08-09,08:57,18:20,Present
ATT004624,EMP098,2026-08-10,09:12,18:00,Present
ATT004625,EMP098,2026-08-11,08:51,17:56,Present
ATT004626,EMP098,2026-08-12,08:52,18:16,Present
ATT004627,EMP099,2026-08-01,09:06,18:21,Present
ATT004628,EMP099,2026-08-02,09:12,17:54,Present
ATT004629,EMP099,2026-08-03,09:14,18:26,Present
ATT004630,EMP099,2026-08-04,09:04,17:52,Present
ATT004631,EMP099,2026-08-05,09:11,18:21,Present
ATT004632,EMP099,2026-08-06,09:01,17:51,Present
ATT004633,EMP099,2026-08-07,09:12,18:28,Present
ATT004634,EMP099,2026-08-08,08:57,17:50,Present
ATT004635,EMP099,2026-08-09,08:51,17:50,Present
ATT004636,EMP099,2026-08-10,09:09,18:26,Present
ATT004637,EMP099,2026-08-11,08:53,18:18,Present
ATT004638,EMP099,2026-08-12,09:09,17:50,Present
ATT004639,EMP100,2026-08-01,08:50,18:11,Present
ATT004640,EMP100,2026-08-02,08:50,18:04,Present
ATT004641,EMP100,2026-08-03,09:15,18:02,Present
ATT004642,EMP100,2026-08-04,09:01,17:51,Present
ATT004643,EMP100,2026-08-05,08:54,18:10,Present
ATT004644,EMP100,2026-08-06,09:07,18:10,Present
ATT004645,EMP100,2026-08-07,09:05,18:12,Present
ATT004646,EMP100,2026-08-08,09:15,18:11,Present
ATT004647,EMP100,2026-08-09,09:20,18:02,Present
ATT004648,EMP100,2026-08-10,08:55,17:50,Present
ATT004649,EMP100,2026-08-11,08:50,18:10,Present
ATT004650,EMP100,2026-08-12,08:58,18:20,Present
ATT004651,EMP101,2026-08-01,08:58,18:15,Present
ATT004652,EMP101,2026-08-02,09:15,18:04,Present
ATT004653,EMP101,2026-08-03,08:52,18:14,Present
ATT004654,EMP101,2026-08-04,08:53,17:57,Present
ATT004655,EMP101,2026-08-05,08:50,18:09,Present
ATT004656,EMP101,2026-08-06,08:57,18:26,Present
ATT004657,EMP101,2026-08-07,09:05,18:24,Present
ATT004658,EMP101,2026-08-08,08:58,17:59,Present
ATT004659,EMP101,2026-08-09,08:52,17:50,Present
ATT004660,EMP101,2026-08-10,08:51,18:17,Present
ATT004661,EMP101,2026-08-11,09:14,18:23,Present
ATT004662,EMP101,2026-08-12,09:11,18:30,Present
ATT004663,EMP102,2026-08-01,09:09,18:09,Present
ATT004664,EMP102,2026-08-02,08:50,18:17,Present
ATT004665,EMP102,2026-08-03,09:07,18:13,Present
ATT004666,EMP102,2026-08-04,08:51,18:02,Present
ATT004667,EMP102,2026-08-05,08:50,18:21,Present
ATT004668,EMP102,2026-08-06,09:19,18:20,Present
ATT004669,EMP102,2026-08-07,08:57,18:10,Present
ATT004670,EMP102,2026-08-08,09:16,17:59,Present
ATT004671,EMP102,2026-08-09,09:16,18:27,Present
ATT004672,EMP102,2026-08-10,08:50,18:12,Present
ATT004673,EMP102,2026-08-11,09:09,17:54,Present
ATT004674,EMP102,2026-08-12,09:11,18:00,Present
ATT004675,EMP103,2026-08-01,09:08,18:06,Present
ATT004676,EMP103,2026-08-02,09:07,18:22,Present
ATT004677,EMP103,2026-08-03,09:19,18:14,Present
ATT004678,EMP103,2026-08-04,08:52,18:04,Present
ATT004679,EMP103,2026-08-05,09:08,18:16,Present
ATT004680,EMP103,2026-08-06,09:11,18:12,Present
ATT004681,EMP103,2026-08-07,08:51,18:24,Present
ATT004682,EMP103,2026-08-08,09:16,18:11,Present
ATT004683,EMP103,2026-08-09,09:05,18:23,Present
ATT004684,EMP103,2026-08-10,09:14,17:50,Present
ATT004685,EMP103,2026-08-11,08:55,18:09,Present
ATT004686,EMP103,2026-08-12,09:11,18:18,Present
ATT004687,EMP104,2026-08-01,08:59,18:24,Present
ATT004688,EMP104,2026-08-02,09:03,18:04,Present
ATT004689,EMP104,2026-08-03,09:09,18:20,Present
ATT004690,EMP104,2026-08-04,09:10,18:20,Present
ATT004691,EMP104,2026-08-05,08:59,17:56,Present
ATT004692,EMP104,2026-08-06,09:12,17:56,Present
ATT004693,EMP104,2026-08-07,09:14,18:01,Present
ATT004694,EMP104,2026-08-08,08:59,18:06,Present
ATT004695,EMP104,2026-08-09,08:56,18:14,Present
ATT004696,EMP104,2026-08-10,09:10,18:24,Present
ATT004697,EMP104,2026-08-11,09:18,17:55,Present
ATT004698,EMP104,2026-08-12,09:06,18:19,Present
ATT004699,EMP105,2026-08-01,09:14,18:18,Present
ATT004700,EMP105,2026-08-02,09:14,18:15,Present
ATT004701,EMP105,2026-08-03,09:10,18:15,Present
ATT004702,EMP105,2026-08-04,09:05,18:20,Present
ATT004703,EMP105,2026-08-05,08:50,18:09,Present
ATT004704,EMP105,2026-08-06,09:09,18:02,Present
ATT004705,EMP105,2026-08-07,09:07,18:20,Present
ATT004706,EMP105,2026-08-08,09:09,18:18,Present
ATT004707,EMP105,2026-08-09,08:55,18:17,Present
ATT004708,EMP105,2026-08-10,08:59,18:03,Present
ATT004709,EMP105,2026-08-11,09:05,18:19,Present
ATT004710,EMP105,2026-08-12,09:08,18:11,Present
ATT004711,EMP106,2026-08-01,09:08,17:58,Present
ATT004712,EMP106,2026-08-02,09:03,18:03,Present
ATT004713,EMP106,2026-08-03,08:50,17:57,Present
ATT004714,EMP106,2026-08-04,08:56,18:09,Present
ATT004715,EMP106,2026-08-05,09:10,18:21,Present
ATT004716,EMP106,2026-08-06,08:57,18:28,Present
ATT004717,EMP106,2026-08-07,09:04,18:26,Present
ATT004718,EMP106,2026-08-08,08:59,17:59,Present
ATT004719,EMP106,2026-08-09,09:04,18:30,Present
ATT004720,EMP106,2026-08-10,09:10,18:25,Present
ATT004721,EMP106,2026-08-11,09:06,18:12,Present
ATT004722,EMP106,2026-08-12,09:13,18:24,Present
ATT004723,EMP107,2026-08-01,09:02,18:25,Present
ATT004724,EMP107,2026-08-02,09:00,18:10,Present
ATT004725,EMP107,2026-08-03,09:16,18:29,Present
ATT004726,EMP107,2026-08-04,09:10,18:16,Present
ATT004727,EMP107,2026-08-05,09:12,18:15,Present
ATT004728,EMP107,2026-08-06,08:57,17:53,Present
ATT004729,EMP107,2026-08-07,09:19,18:12,Present
ATT004730,EMP107,2026-08-08,09:09,18:25,Present
ATT004731,EMP107,2026-08-09,09:20,18:26,Present
ATT004732,EMP107,2026-08-10,08:54,18:22,Present
ATT004733,EMP107,2026-08-11,08:54,18:00,Present
ATT004734,EMP107,2026-08-12,09:06,18:16,Present
ATT004735,EMP108,2026-08-01,09:17,18:09,Present
ATT004736,EMP108,2026-08-02,09:08,18:18,Present
ATT004737,EMP108,2026-08-03,08:53,18:23,Present
ATT004738,EMP108,2026-08-04,09:19,18:16,Present
ATT004739,EMP108,2026-08-05,09:20,18:11,Present
ATT004740,EMP108,2026-08-06,08:54,18:27,Present
ATT004741,EMP108,2026-08-07,09:12,18:18,Present
ATT004742,EMP108,2026-08-08,09:11,17:52,Present
ATT004743,EMP108,2026-08-09,08:53,18:15,Present
ATT004744,EMP108,2026-08-10,08:57,18:01,Present
ATT004745,EMP108,2026-08-11,08:52,18:05,Present
ATT004746,EMP108,2026-08-12,09:12,18:27,Present
ATT004747,EMP109,2026-08-01,09:09,18:28,Present
ATT004748,EMP109,2026-08-02,09:00,18:19,Present
ATT004749,EMP109,2026-08-03,09:06,18:25,Present
ATT004750,EMP109,2026-08-04,09:11,17:52,Present
ATT004751,EMP109,2026-08-05,09:14,18:19,Present
ATT004752,EMP109,2026-08-06,08:52,17:51,Present
ATT004753,EMP109,2026-08-07,09:20,18:21,Present
ATT004754,EMP109,2026-08-08,08:55,18:10,Present
ATT004755,EMP109,2026-08-09,08:59,18:18,Present
ATT004756,EMP109,2026-08-10,09:09,18:16,Present
ATT004757,EMP109,2026-08-11,09:04,18:30,Present
ATT004758,EMP109,2026-08-12,09:02,18:07,Present
ATT004759,EMP110,2026-08-01,09:05,18:18,Present
ATT004760,EMP110,2026-08-02,09:14,17:53,Present
ATT004761,EMP110,2026-08-03,08:52,17:57,Present
ATT004762,EMP110,2026-08-04,09:07,17:54,Present
ATT004763,EMP110,2026-08-05,09:11,17:52,Present
ATT004764,EMP110,2026-08-06,09:15,18:00,Present
ATT004765,EMP110,2026-08-07,08:57,18:27,Present
ATT004766,EMP110,2026-08-08,09:07,18:13,Present
ATT004767,EMP110,2026-08-09,08:56,18:18,Present
ATT004768,EMP110,2026-08-10,09:07,18:07,Present
ATT004769,EMP110,2026-08-11,09:05,18:20,Present
ATT004770,EMP110,2026-08-12,09:13,18:13,Present
ATT004771,EMP111,2026-08-01,09:11,18:25,Present
ATT004772,EMP111,2026-08-02,09:01,18:29,Present
ATT004773,EMP111,2026-08-03,09:06,17:57,Present
ATT004774,EMP111,2026-08-04,09:19,18:00,Present
ATT004775,EMP111,2026-08-05,09:18,18:13,Present
ATT004776,EMP111,2026-08-06,09:03,18:18,Present
ATT004777,EMP111,2026-08-07,09:02,18:06,Present
ATT004778,EMP111,2026-08-08,09:10,18:07,Present
ATT004779,EMP111,2026-08-09,08:53,18:29,Present
ATT004780,EMP111,2026-08-10,08:51,18:26,Present
ATT004781,EMP111,2026-08-11,09:16,17:52,Present
ATT004782,EMP111,2026-08-12,08:51,18:04,Present
ATT004783,EMP112,2026-08-01,09:10,17:55,Present
ATT004784,EMP112,2026-08-02,09:05,17:52,Present
ATT004785,EMP112,2026-08-03,09:14,17:56,Present
ATT004786,EMP112,2026-08-04,08:58,18:18,Present
ATT004787,EMP112,2026-08-05,09:20,18:14,Present
ATT004788,EMP112,2026-08-06,08:54,18:05,Present
ATT004789,EMP112,2026-08-07,09:19,17:54,Present
ATT004790,EMP112,2026-08-08,09:15,18:08,Present
ATT004791,EMP112,2026-08-09,08:51,17:56,Present
ATT004792,EMP112,2026-08-10,09:16,18:07,Present
ATT004793,EMP112,2026-08-11,09:10,17:50,Present
ATT004794,EMP112,2026-08-12,08:50,18:20,Present
ATT004795,EMP113,2026-08-01,09:01,18:16,Present
ATT004796,EMP113,2026-08-02,09:03,17:56,Present
ATT004797,EMP113,2026-08-03,09:20,18:19,Present
ATT004798,EMP113,2026-08-04,09:14,18:11,Present
ATT004799,EMP113,2026-08-05,08:57,18:23,Present
ATT004800,EMP113,2026-08-06,09:00,18:26,Present
ATT004801,EMP113,2026-08-07,09:14,18:23,Present
ATT004802,EMP113,2026-08-08,09:07,18:25,Present
ATT004803,EMP113,2026-08-09,09:03,17:50,Present
ATT004804,EMP113,2026-08-10,08:56,18:26,Present
ATT004805,EMP113,2026-08-11,08:56,17:57,Present
ATT004806,EMP113,2026-08-12,09:08,18:18,Present
ATT004807,EMP114,2026-08-01,08:56,18:26,Present
ATT004808,EMP114,2026-08-02,09:17,18:29,Present
ATT004809,EMP114,2026-08-03,09:11,18:02,Present
ATT004810,EMP114,2026-08-04,09:15,18:02,Present
ATT004811,EMP114,2026-08-05,09:13,18:25,Present
ATT004812,EMP114,2026-08-06,09:12,18:27,Present
ATT004813,EMP114,2026-08-07,09:12,18:28,Present
ATT004814,EMP114,2026-08-08,08:50,18:09,Present
ATT004815,EMP114,2026-08-09,08:58,18:10,Present
ATT004816,EMP114,2026-08-10,09:14,18:10,Present
ATT004817,EMP114,2026-08-11,09:16,18:09,Present
ATT004818,EMP114,2026-08-12,09:07,18:20,Present
ATT004819,EMP115,2026-08-01,09:10,17:50,Present
ATT004820,EMP115,2026-08-02,09:18,17:52,Present
ATT004821,EMP115,2026-08-03,08:56,18:12,Present
ATT004822,EMP115,2026-08-04,08:55,18:09,Present
ATT004823,EMP115,2026-08-05,09:16,18:08,Present
ATT004824,EMP115,2026-08-06,09:16,18:07,Present
ATT004825,EMP115,2026-08-07,08:50,18:08,Present
ATT004826,EMP115,2026-08-08,09:09,18:13,Present
ATT004827,EMP115,2026-08-09,09:09,18:29,Present
ATT004828,EMP115,2026-08-10,09:15,18:26,Present
ATT004829,EMP115,2026-08-11,08:55,17:56,Present
ATT004830,EMP115,2026-08-12,08:52,17:56,Present
ATT004831,EMP116,2026-08-01,09:18,18:19,Present
ATT004832,EMP116,2026-08-02,09:13,18:15,Present
ATT004833,EMP116,2026-08-03,09:11,18:19,Present
ATT004834,EMP116,2026-08-04,09:06,18:04,Present
ATT004835,EMP116,2026-08-05,09:07,18:21,Present
ATT004836,EMP116,2026-08-06,09:18,18:22,Present
ATT004837,EMP116,2026-08-07,08:58,18:19,Present
ATT004838,EMP116,2026-08-08,09:14,18:05,Present
ATT004839,EMP116,2026-08-09,09:13,17:54,Present
ATT004840,EMP116,2026-08-10,09:15,18:13,Present
ATT004841,EMP116,2026-08-11,09:15,18:02,Present
ATT004842,EMP116,2026-08-12,09:15,17:54,Present
ATT004843,EMP117,2026-08-01,08:56,17:57,Present
ATT004844,EMP117,2026-08-02,09:17,18:09,Present
ATT004845,EMP117,2026-08-03,09:15,18:11,Present
ATT004846,EMP117,2026-08-04,09:10,18:30,Present
ATT004847,EMP117,2026-08-05,09:09,17:57,Present
ATT004848,EMP117,2026-08-06,08:53,18:19,Present
ATT004849,EMP117,2026-08-07,09:08,18:02,Present
ATT004850,EMP117,2026-08-08,08:55,18:11,Present
ATT004851,EMP117,2026-08-09,09:05,18:07,Present
ATT004852,EMP117,2026-08-10,09:20,18:23,Present
ATT004853,EMP117,2026-08-11,08:53,18:19,Present
ATT004854,EMP117,2026-08-12,09:08,18:01,Present
ATT004855,EMP118,2026-08-01,08:52,18:04,Present
ATT004856,EMP118,2026-08-02,08:53,17:50,Present
ATT004857,EMP118,2026-08-03,09:04,18:29,Present
ATT004858,EMP118,2026-08-04,08:57,18:22,Present
ATT004859,EMP118,2026-08-05,08:58,18:30,Present
ATT004860,EMP118,2026-08-06,09:05,18:21,Present
ATT004861,EMP118,2026-08-07,09:13,18:26,Present
ATT004862,EMP118,2026-08-08,09:05,18:21,Present
ATT004863,EMP118,2026-08-09,09:15,18:15,Present
ATT004864,EMP118,2026-08-10,09:01,17:56,Present
ATT004865,EMP118,2026-08-11,09:12,17:58,Present
ATT004866,EMP118,2026-08-12,09:11,18:10,Present
ATT004867,EMP119,2026-08-01,08:54,18:04,Present
ATT004868,EMP119,2026-08-02,08:54,18:28,Present
ATT004869,EMP119,2026-08-03,08:53,18:13,Present
ATT004870,EMP119,2026-08-04,08:52,18:03,Present
ATT004871,EMP119,2026-08-05,09:05,18:18,Present
ATT004872,EMP119,2026-08-06,09:14,18:04,Present
ATT004873,EMP119,2026-08-07,08:56,18:19,Present
ATT004874,EMP119,2026-08-08,09:15,18:13,Present
ATT004875,EMP119,2026-08-09,09:09,17:51,Present
ATT004876,EMP119,2026-08-10,09:05,18:16,Present
ATT004877,EMP119,2026-08-11,09:09,17:55,Present
ATT004878,EMP119,2026-08-12,09:20,18:26,Present
ATT004879,EMP120,2026-08-01,09:00,18:23,Present
ATT004880,EMP120,2026-08-02,09:09,18:01,Present
ATT004881,EMP120,2026-08-03,09:17,18:22,Present
ATT004882,EMP120,2026-08-04,09:13,18:09,Present
ATT004883,EMP120,2026-08-05,08:51,17:59,Present
ATT004884,EMP120,2026-08-06,09:14,17:52,Present
ATT004885,EMP120,2026-08-07,09:01,18:04,Present
ATT004886,EMP120,2026-08-08,09:12,18:13,Present
ATT004887,EMP120,2026-08-09,09:11,18:25,Present
ATT004888,EMP120,2026-08-10,09:09,18:07,Present
ATT004889,EMP120,2026-08-11,08:57,17:57,Present
ATT004890,EMP120,2026-08-12,09:00,18:27,Present
ATT004891,EMP121,2026-08-01,09:10,17:53,Present
ATT004892,EMP121,2026-08-02,08:52,17:57,Present
ATT004893,EMP121,2026-08-03,08:51,17:58,Present
ATT004894,EMP121,2026-08-04,09:07,18:11,Present
ATT004895,EMP121,2026-08-05,09:15,17:54,Present
ATT004896,EMP121,2026-08-06,09:19,18:23,Present
ATT004897,EMP121,2026-08-07,09:10,18:29,Present
ATT004898,EMP121,2026-08-08,08:56,18:11,Present
ATT004899,EMP121,2026-08-09,09:09,18:22,Present
ATT004900,EMP121,2026-08-10,09:09,18:01,Present
ATT004901,EMP121,2026-08-11,08:50,17:59,Present
ATT004902,EMP121,2026-08-12,09:03,18:09,Present
ATT004903,EMP122,2026-08-01,09:05,17:58,Present
ATT004904,EMP122,2026-08-02,09:02,17:58,Present
ATT004905,EMP122,2026-08-03,09:05,18:18,Present
ATT004906,EMP122,2026-08-04,09:19,17:59,Present
ATT004907,EMP122,2026-08-05,08:56,18:16,Present
ATT004908,EMP122,2026-08-06,08:54,17:52,Present
ATT004909,EMP122,2026-08-07,09:11,18:16,Present
ATT004910,EMP122,2026-08-08,09:17,18:14,Present
ATT004911,EMP122,2026-08-09,09:00,17:59,Present
ATT004912,EMP122,2026-08-10,09:19,18:02,Present
ATT004913,EMP122,2026-08-11,09:00,17:51,Present
ATT004914,EMP122,2026-08-12,09:15,18:20,Present
ATT004915,EMP123,2026-08-01,09:02,18:13,Present
ATT004916,EMP123,2026-08-02,09:04,18:08,Present
ATT004917,EMP123,2026-08-03,09:20,17:56,Present
ATT004918,EMP123,2026-08-04,09:18,17:51,Present
ATT004919,EMP123,2026-08-05,09:15,18:30,Present
ATT004920,EMP123,2026-08-06,09:09,18:27,Present
ATT004921,EMP123,2026-08-07,08:52,18:28,Present
ATT004922,EMP123,2026-08-08,09:18,18:24,Present
ATT004923,EMP123,2026-08-09,09:15,18:29,Present
ATT004924,EMP123,2026-08-10,09:15,17:51,Present
ATT004925,EMP123,2026-08-11,09:05,17:56,Present
ATT004926,EMP123,2026-08-12,08:59,18:06,Present
ATT004927,EMP124,2026-08-01,09:14,18:07,Present
ATT004928,EMP124,2026-08-02,09:10,18:12,Present
ATT004929,EMP124,2026-08-03,09:13,18:00,Present
ATT004930,EMP124,2026-08-04,09:08,18:01,Present
ATT004931,EMP124,2026-08-05,09:09,17:52,Present
ATT004932,EMP124,2026-08-06,08:59,18:18,Present
ATT004933,EMP124,2026-08-07,09:01,17:56,Present
ATT004934,EMP124,2026-08-08,09:18,18:12,Present
ATT004935,EMP124,2026-08-09,09:10,18:08,Present
ATT004936,EMP124,2026-08-10,08:57,18:19,Present
ATT004937,EMP124,2026-08-11,08:55,18:16,Present
ATT004938,EMP124,2026-08-12,08:50,18:04,Present
ATT004939,EMP125,2026-08-01,08:59,18:06,Present
ATT004940,EMP125,2026-08-02,09:13,18:18,Present
ATT004941,EMP125,2026-08-03,09:19,17:56,Present
ATT004942,EMP125,2026-08-04,09:04,17:56,Present
ATT004943,EMP125,2026-08-05,08:50,17:53,Present
ATT004944,EMP125,2026-08-06,09:18,18:07,Present
ATT004945,EMP125,2026-08-07,08:54,18:22,Present
ATT004946,EMP125,2026-08-08,08:51,18:29,Present
ATT004947,EMP125,2026-08-09,08:55,18:03,Present
ATT004948,EMP125,2026-08-10,09:03,18:00,Present
ATT004949,EMP125,2026-08-11,08:59,17:51,Present
ATT004950,EMP125,2026-08-12,09:01,18:27,Present
ATT004951,EMP126,2026-08-01,08:56,18:24,Present
ATT004952,EMP126,2026-08-02,09:14,17:56,Present
ATT004953,EMP126,2026-08-03,09:10,17:56,Present
ATT004954,EMP126,2026-08-04,09:05,18:05,Present
ATT004955,EMP126,2026-08-05,08:56,18:17,Present
ATT004956,EMP126,2026-08-06,09:11,18:00,Present
ATT004957,EMP126,2026-08-07,08:57,18:21,Present
ATT004958,EMP126,2026-08-08,09:14,17:57,Present
ATT004959,EMP126,2026-08-09,09:15,18:03,Present
ATT004960,EMP126,2026-08-10,09:16,18:18,Present
ATT004961,EMP126,2026-08-11,09:10,18:21,Present
ATT004962,EMP126,2026-08-12,09:09,17:57,Present
ATT004963,EMP127,2026-08-01,08:57,18:30,Present
ATT004964,EMP127,2026-08-02,09:07,18:20,Present
ATT004965,EMP127,2026-08-03,09:20,18:17,Present
ATT004966,EMP127,2026-08-04,09:10,17:54,Present
ATT004967,EMP127,2026-08-05,08:50,17:52,Present
ATT004968,EMP127,2026-08-06,09:17,17:56,Present
ATT004969,EMP127,2026-08-07,08:52,18:04,Present
ATT004970,EMP127,2026-08-08,09:05,18:00,Present
ATT004971,EMP127,2026-08-09,09:09,18:27,Present
ATT004972,EMP127,2026-08-10,09:20,18:26,Present
ATT004973,EMP127,2026-08-11,08:56,18:14,Present
ATT004974,EMP127,2026-08-12,08:53,18:14,Present
ATT004975,EMP128,2026-08-01,09:02,18:04,Present
ATT004976,EMP128,2026-08-02,08:57,17:58,Present
ATT004977,EMP128,2026-08-03,09:16,18:05,Present
ATT004978,EMP128,2026-08-04,09:09,18:06,Present
ATT004979,EMP128,2026-08-05,09:08,18:10,Present
ATT004980,EMP128,2026-08-06,09:15,17:59,Present
ATT004981,EMP128,2026-08-07,09:19,17:58,Present
ATT004982,EMP128,2026-08-08,09:06,18:03,Present
ATT004983,EMP128,2026-08-09,08:50,17:51,Present
ATT004984,EMP128,2026-08-10,09:10,17:54,Present
ATT004985,EMP128,2026-08-11,09:12,17:50,Present
ATT004986,EMP128,2026-08-12,08:53,18:24,Present
ATT004987,EMP129,2026-08-01,08:51,18:07,Present
ATT004988,EMP129,2026-08-02,09:04,18:14,Present
ATT004989,EMP129,2026-08-03,09:06,18:15,Present
ATT004990,EMP129,2026-08-04,09:14,18:00,Present
ATT004991,EMP129,2026-08-05,09:02,18:26,Present
ATT004992,EMP129,2026-08-06,08:52,18:23,Present
ATT004993,EMP129,2026-08-07,09:17,18:09,Present
ATT004994,EMP129,2026-08-08,09:15,17:54,Present
ATT004995,EMP129,2026-08-09,08:58,17:51,Present
ATT004996,EMP129,2026-08-10,09:07,18:01,Present
ATT004997,EMP129,2026-08-11,09:03,18:13,Present
ATT004998,EMP129,2026-08-12,09:14,18:26,Present
ATT004999,EMP130,2026-08-01,08:52,17:54,Present
ATT005000,EMP130,2026-08-02,09:18,17:54,Present
ATT005001,EMP130,2026-08-03,09:07,18:06,Present
ATT005002,EMP130,2026-08-04,09:13,18:05,Present
ATT005003,EMP130,2026-08-05,09:07,18:15,Present
ATT005004,EMP130,2026-08-06,09:13,18:06,Present
ATT005005,EMP130,2026-08-07,08:54,18:17,Present
ATT005006,EMP130,2026-08-08,09:15,18:14,Present
ATT005007,EMP130,2026-08-09,09:16,18:24,Present
ATT005008,EMP130,2026-08-10,09:16,18:23,Present
ATT005009,EMP130,2026-08-11,08:59,18:14,Present
ATT005010,EMP130,2026-08-12,08:58,18:28,Present
ATT005011,EMP131,2026-08-01,08:56,18:07,Present
ATT005012,EMP131,2026-08-02,09:03,18:05,Present
ATT005013,EMP131,2026-08-03,08:55,18:18,Present
ATT005014,EMP131,2026-08-04,09:01,18:30,Present
ATT005015,EMP131,2026-08-05,09:19,17:54,Present
ATT005016,EMP131,2026-08-06,09:18,18:29,Present
ATT005017,EMP131,2026-08-07,09:06,17:53,Present
ATT005018,EMP131,2026-08-08,09:16,18:03,Present
ATT005019,EMP131,2026-08-09,08:59,18:02,Present
ATT005020,EMP131,2026-08-10,09:07,18:12,Present
ATT005021,EMP131,2026-08-11,09:18,18:18,Present
ATT005022,EMP131,2026-08-12,08:55,17:59,Present
ATT005023,EMP132,2026-08-01,09:00,18:14,Present
ATT005024,EMP132,2026-08-02,09:05,18:21,Present
ATT005025,EMP132,2026-08-03,08:52,18:21,Present
ATT005026,EMP132,2026-08-04,09:17,18:18,Present
ATT005027,EMP132,2026-08-05,09:00,18:29,Present
ATT005028,EMP132,2026-08-06,08:57,18:06,Present
ATT005029,EMP132,2026-08-07,09:11,17:54,Present
ATT005030,EMP132,2026-08-08,09:08,18:27,Present
ATT005031,EMP132,2026-08-09,09:16,18:28,Present
ATT005032,EMP132,2026-08-10,08:52,18:08,Present
ATT005033,EMP132,2026-08-11,09:08,17:50,Present
ATT005034,EMP132,2026-08-12,09:19,17:53,Present
ATT005035,EMP133,2026-08-01,08:53,17:54,Present
ATT005036,EMP133,2026-08-02,08:56,18:09,Present
ATT005037,EMP133,2026-08-03,09:11,17:50,Present
ATT005038,EMP133,2026-08-04,09:19,18:14,Present
ATT005039,EMP133,2026-08-05,09:07,18:24,Present
ATT005040,EMP133,2026-08-06,09:04,18:06,Present
ATT005041,EMP133,2026-08-07,09:05,18:12,Present
ATT005042,EMP133,2026-08-08,08:53,17:59,Present
ATT005043,EMP133,2026-08-09,09:19,17:50,Present
ATT005044,EMP133,2026-08-10,09:17,18:19,Present
ATT005045,EMP133,2026-08-11,09:07,18:29,Present
ATT005046,EMP133,2026-08-12,09:18,17:58,Present
ATT005047,EMP134,2026-08-01,09:03,17:50,Present
ATT005048,EMP134,2026-08-02,09:15,18:22,Present
ATT005049,EMP134,2026-08-03,09:00,18:19,Present
ATT005050,EMP134,2026-08-04,09:05,18:16,Present
ATT005051,EMP134,2026-08-05,09:13,18:09,Present
ATT005052,EMP134,2026-08-06,09:15,17:58,Present
ATT005053,EMP134,2026-08-07,08:59,18:09,Present
ATT005054,EMP134,2026-08-08,09:04,18:30,Present
ATT005055,EMP134,2026-08-09,08:50,17:54,Present
ATT005056,EMP134,2026-08-10,09:18,18:13,Present
ATT005057,EMP134,2026-08-11,09:09,18:03,Present
ATT005058,EMP134,2026-08-12,09:03,18:16,Present
ATT005059,EMP135,2026-08-01,09:17,18:16,Present
ATT005060,EMP135,2026-08-02,09:14,17:50,Present
ATT005061,EMP135,2026-08-03,09:16,17:51,Present
ATT005062,EMP135,2026-08-04,08:59,17:52,Present
ATT005063,EMP135,2026-08-05,08:57,18:21,Present
ATT005064,EMP135,2026-08-06,09:04,17:58,Present
ATT005065,EMP135,2026-08-07,09:13,17:53,Present
ATT005066,EMP135,2026-08-08,09:01,18:23,Present
ATT005067,EMP135,2026-08-09,09:19,18:13,Present
ATT005068,EMP135,2026-08-10,09:02,18:03,Present
ATT005069,EMP135,2026-08-11,09:06,18:20,Present
ATT005070,EMP135,2026-08-12,09:12,18:27,Present
ATT005071,EMP136,2026-08-01,09:07,18:01,Present
ATT005072,EMP136,2026-08-02,09:05,17:52,Present
ATT005073,EMP136,2026-08-03,09:17,18:26,Present
ATT005074,EMP136,2026-08-04,09:06,17:52,Present
ATT005075,EMP136,2026-08-05,08:54,18:24,Present
ATT005076,EMP136,2026-08-06,09:02,18:26,Present
ATT005077,EMP136,2026-08-07,08:55,17:57,Present
ATT005078,EMP136,2026-08-08,09:00,18:10,Present
ATT005079,EMP136,2026-08-09,08:51,18:29,Present
ATT005080,EMP136,2026-08-10,09:01,18:06,Present
ATT005081,EMP136,2026-08-11,08:50,18:26,Present
ATT005082,EMP136,2026-08-12,08:52,18:18,Present
ATT005083,EMP137,2026-08-01,09:11,17:54,Present
ATT005084,EMP137,2026-08-02,09:12,18:14,Present
ATT005085,EMP137,2026-08-03,08:56,18:23,Present
ATT005086,EMP137,2026-08-04,09:15,18:14,Present
ATT005087,EMP137,2026-08-05,08:51,18:13,Present
ATT005088,EMP137,2026-08-06,09:20,18:05,Present
ATT005089,EMP137,2026-08-07,08:54,18:29,Present
ATT005090,EMP137,2026-08-08,09:16,18:12,Present
ATT005091,EMP137,2026-08-09,09:19,18:06,Present
ATT005092,EMP137,2026-08-10,08:51,18:11,Present
ATT005093,EMP137,2026-08-11,09:10,18:27,Present
ATT005094,EMP137,2026-08-12,09:05,18:14,Present
ATT005095,EMP138,2026-08-01,09:12,18:00,Present
ATT005096,EMP138,2026-08-02,08:54,18:28,Present
ATT005097,EMP138,2026-08-03,09:07,17:52,Present
ATT005098,EMP138,2026-08-04,09:12,18:03,Present
ATT005099,EMP138,2026-08-05,08:58,18:29,Present
ATT005100,EMP138,2026-08-06,09:07,17:52,Present
ATT005101,EMP138,2026-08-07,09:10,18:21,Present
ATT005102,EMP138,2026-08-08,09:20,18:20,Present
ATT005103,EMP138,2026-08-09,09:06,18:10,Present
ATT005104,EMP138,2026-08-10,08:50,17:59,Present
ATT005105,EMP138,2026-08-11,09:09,18:02,Present
ATT005106,EMP138,2026-08-12,08:56,18:21,Present
ATT005107,EMP139,2026-08-01,08:59,17:55,Present
ATT005108,EMP139,2026-08-02,09:13,18:26,Present
ATT005109,EMP139,2026-08-03,08:58,18:06,Present
ATT005110,EMP139,2026-08-04,09:02,18:26,Present
ATT005111,EMP139,2026-08-05,09:13,17:58,Present
ATT005112,EMP139,2026-08-06,09:05,18:13,Present
ATT005113,EMP139,2026-08-07,09:01,17:51,Present
ATT005114,EMP139,2026-08-08,08:59,18:30,Present
ATT005115,EMP139,2026-08-09,09:09,18:12,Present
ATT005116,EMP139,2026-08-10,09:07,18:21,Present
ATT005117,EMP139,2026-08-11,09:10,18:00,Present
ATT005118,EMP139,2026-08-12,09:02,17:59,Present
ATT005119,EMP140,2026-08-01,09:14,18:09,Present
ATT005120,EMP140,2026-08-02,09:03,18:12,Present
ATT005121,EMP140,2026-08-03,08:52,18:03,Present
ATT005122,EMP140,2026-08-04,08:59,17:55,Present
ATT005123,EMP140,2026-08-05,09:12,18:00,Present
ATT005124,EMP140,2026-08-06,09:04,18:28,Present
ATT005125,EMP140,2026-08-07,09:13,18:05,Present
ATT005126,EMP140,2026-08-08,08:59,17:51,Present
ATT005127,EMP140,2026-08-09,08:53,18:22,Present
ATT005128,EMP140,2026-08-10,09:11,18:20,Present
ATT005129,EMP140,2026-08-11,09:02,18:29,Present
ATT005130,EMP140,2026-08-12,08:53,18:17,Present
ATT005131,EMP141,2026-08-01,08:51,18:17,Present
ATT005132,EMP141,2026-08-02,09:03,18:22,Present
ATT005133,EMP141,2026-08-03,09:00,17:59,Present
ATT005134,EMP141,2026-08-04,08:55,17:59,Present
ATT005135,EMP141,2026-08-05,08:56,18:04,Present
ATT005136,EMP141,2026-08-06,08:56,18:18,Present
ATT005137,EMP141,2026-08-07,08:54,17:55,Present
ATT005138,EMP141,2026-08-08,09:07,17:52,Present
ATT005139,EMP141,2026-08-09,09:17,17:59,Present
ATT005140,EMP141,2026-08-10,08:58,18:21,Present
ATT005141,EMP141,2026-08-11,09:18,18:09,Present
ATT005142,EMP141,2026-08-12,08:55,17:55,Present
ATT005143,EMP142,2026-08-01,09:03,17:59,Present
ATT005144,EMP142,2026-08-02,09:15,18:21,Present
ATT005145,EMP142,2026-08-03,08:51,18:02,Present
ATT005146,EMP142,2026-08-04,09:17,18:25,Present
ATT005147,EMP142,2026-08-05,09:18,17:57,Present
ATT005148,EMP142,2026-08-06,08:53,17:54,Present
ATT005149,EMP142,2026-08-07,09:09,17:52,Present
ATT005150,EMP142,2026-08-08,08:54,17:53,Present
ATT005151,EMP142,2026-08-09,09:18,17:51,Present
ATT005152,EMP142,2026-08-10,09:06,18:26,Present
ATT005153,EMP142,2026-08-11,09:20,18:02,Present
ATT005154,EMP142,2026-08-12,09:01,18:06,Present
ATT005155,EMP143,2026-08-01,09:18,17:59,Present
ATT005156,EMP143,2026-08-02,09:00,17:51,Present
ATT005157,EMP143,2026-08-03,09:11,18:30,Present
ATT005158,EMP143,2026-08-04,08:57,18:20,Present
ATT005159,EMP143,2026-08-05,08:56,18:19,Present
ATT005160,EMP143,2026-08-06,08:52,18:09,Present
ATT005161,EMP143,2026-08-07,09:19,17:54,Present
ATT005162,EMP143,2026-08-08,08:52,18:04,Present
ATT005163,EMP143,2026-08-09,09:09,17:50,Present
ATT005164,EMP143,2026-08-10,09:18,17:54,Present
ATT005165,EMP143,2026-08-11,09:02,17:58,Present
ATT005166,EMP143,2026-08-12,09:15,18:02,Present
ATT005167,EMP144,2026-08-01,09:16,18:09,Present
ATT005168,EMP144,2026-08-02,08:54,18:00,Present
ATT005169,EMP144,2026-08-03,09:15,17:56,Present
ATT005170,EMP144,2026-08-04,09:14,17:55,Present
ATT005171,EMP144,2026-08-05,09:09,17:58,Present
ATT005172,EMP144,2026-08-06,08:51,18:25,Present
ATT005173,EMP144,2026-08-07,08:58,18:01,Present
ATT005174,EMP144,2026-08-08,08:56,17:52,Present
ATT005175,EMP144,2026-08-09,09:02,18:05,Present
ATT005176,EMP144,2026-08-10,08:50,18:29,Present
ATT005177,EMP144,2026-08-11,09:05,17:50,Present
ATT005178,EMP144,2026-08-12,08:56,18:19,Present
ATT005179,EMP145,2026-08-01,08:52,18:28,Present
ATT005180,EMP145,2026-08-02,09:13,18:25,Present
ATT005181,EMP145,2026-08-03,09:15,18:15,Present
ATT005182,EMP145,2026-08-04,08:53,18:15,Present
ATT005183,EMP145,2026-08-05,08:50,18:10,Present
ATT005184,EMP145,2026-08-06,08:53,17:52,Present
ATT005185,EMP145,2026-08-07,08:57,18:24,Present
ATT005186,EMP145,2026-08-08,09:17,18:13,Present
ATT005187,EMP145,2026-08-09,09:01,17:55,Present
ATT005188,EMP145,2026-08-10,09:17,18:01,Present
ATT005189,EMP145,2026-08-11,08:54,18:06,Present
ATT005190,EMP145,2026-08-12,09:16,17:58,Present
ATT005191,EMP146,2026-08-01,09:20,18:22,Present
ATT005192,EMP146,2026-08-02,08:52,17:58,Present
ATT005193,EMP146,2026-08-03,09:16,18:22,Present
ATT005194,EMP146,2026-08-04,08:55,18:08,Present
ATT005195,EMP146,2026-08-05,08:55,18:01,Present
ATT005196,EMP146,2026-08-06,08:58,18:21,Present
ATT005197,EMP146,2026-08-07,09:10,18:11,Present
ATT005198,EMP146,2026-08-08,08:54,18:18,Present
ATT005199,EMP146,2026-08-09,09:18,17:52,Present
ATT005200,EMP146,2026-08-10,09:16,18:20,Present
ATT005201,EMP146,2026-08-11,08:54,18:16,Present
ATT005202,EMP146,2026-08-12,09:13,17:59,Present
ATT005203,EMP147,2026-08-01,08:50,18:26,Present
ATT005204,EMP147,2026-08-02,08:59,18:28,Present
ATT005205,EMP147,2026-08-03,09:08,18:12,Present
ATT005206,EMP147,2026-08-04,09:04,18:01,Present
ATT005207,EMP147,2026-08-05,09:10,18:11,Present
ATT005208,EMP147,2026-08-06,09:10,18:22,Present
ATT005209,EMP147,2026-08-07,09:14,17:57,Present
ATT005210,EMP147,2026-08-08,09:06,18:03,Present
ATT005211,EMP147,2026-08-09,09:10,17:53,Present
ATT005212,EMP147,2026-08-10,09:13,18:04,Present
ATT005213,EMP147,2026-08-11,08:51,18:13,Present
ATT005214,EMP147,2026-08-12,08:58,18:13,Present
ATT005215,EMP148,2026-08-01,09:17,17:52,Present
ATT005216,EMP148,2026-08-02,08:52,17:51,Present
ATT005217,EMP148,2026-08-03,08:51,17:55,Present
ATT005218,EMP148,2026-08-04,09:11,18:03,Present
ATT005219,EMP148,2026-08-05,09:05,18:04,Present
ATT005220,EMP148,2026-08-06,09:11,18:22,Present
ATT005221,EMP148,2026-08-07,09:16,18:23,Present
ATT005222,EMP148,2026-08-08,09:20,18:17,Present
ATT005223,EMP148,2026-08-09,09:18,18:01,Present
ATT005224,EMP148,2026-08-10,08:59,17:53,Present
ATT005225,EMP148,2026-08-11,09:03,18:19,Present
ATT005226,EMP148,2026-08-12,09:01,18:08,Present
ATT005227,EMP149,2026-08-01,09:19,18:01,Present
ATT005228,EMP149,2026-08-02,08:50,17:58,Present
ATT005229,EMP149,2026-08-03,09:04,18:23,Present
ATT005230,EMP149,2026-08-04,09:12,18:10,Present
ATT005231,EMP149,2026-08-05,08:50,18:10,Present
ATT005232,EMP149,2026-08-06,08:59,18:22,Present
ATT005233,EMP149,2026-08-07,09:18,17:57,Present
ATT005234,EMP149,2026-08-08,09:12,17:54,Present
ATT005235,EMP149,2026-08-09,08:56,18:14,Present
ATT005236,EMP149,2026-08-10,09:03,18:00,Present
ATT005237,EMP149,2026-08-11,08:56,17:53,Present
ATT005238,EMP149,2026-08-12,09:13,18:11,Present
ATT005239,EMP150,2026-08-01,09:04,18:09,Present
ATT005240,EMP150,2026-08-02,09:13,18:20,Present
ATT005241,EMP150,2026-08-03,08:59,18:19,Present
ATT005242,EMP150,2026-08-04,09:19,18:24,Present
ATT005243,EMP150,2026-08-05,09:06,18:05,Present
ATT005244,EMP150,2026-08-06,09:02,18:28,Present
ATT005245,EMP150,2026-08-07,09:10,18:24,Present
ATT005246,EMP150,2026-08-08,08:50,17:50,Present
ATT005247,EMP150,2026-08-09,09:06,17:54,Present
ATT005248,EMP150,2026-08-10,09:14,18:24,Present
ATT005249,EMP150,2026-08-11,09:10,17:50,Present
ATT005250,EMP150,2026-08-12,09:15,17:58,Present
